管理者名称,地区名称,種別名称,公園名_漢字,施設名,仕様・規格,数量,単位,設置場所【地区名】,対象年齢,住所
金沢土木事務所,金沢区,街区公園,赤井谷公園,すべり台,プレイシェイパー（幼児用）,1,基,,3〜6,釜利谷東3-9
金沢土木事務所,金沢区,街区公園,赤井谷公園,ブランコ,,1,基,,6〜12,
金沢土木事務所,金沢区,街区公園,赤井谷公園,砂場,,1,基,,,
金沢土木事務所,金沢区,街区公園,赤井谷公園,鉄棒,,1,基,,3〜12,
金沢土木事務所,金沢区,街区公園,赤井谷第二公園,スプリング遊具,コアラ,1,基,,3〜6,釜利谷東3-26
金沢土木事務所,金沢区,街区公園,赤井谷第二公園,スプリング遊具,パンダ,1,基,,3〜6,
金沢土木事務所,金沢区,街区公園,赤井谷第二公園,すべり台,,1,基,,,
金沢土木事務所,金沢区,街区公園,赤井谷第二公園,ブランコ,,1,基,,6〜12,
金沢土木事務所,金沢区,街区公園,赤井谷第二公園,鉄棒,,1,基,,6〜12,
金沢土木事務所,金沢区,街区公園,赤井谷第三公園,ブランコ,,1,基,,6〜12,釜利谷東3-18
金沢土木事務所,金沢区,街区公園,赤井谷第三公園,砂場,,1,か所,,3〜6,
金沢土木事務所,金沢区,街区公園,赤井谷第三公園,鉄棒,,1,基,,,
金沢土木事務所,金沢区,街区公園,朝比奈町公園,すべり台,,1,基,,,東朝比奈2-46
金沢土木事務所,金沢区,街区公園,朝比奈町公園,ブランコ,,1,基,,,
金沢土木事務所,金沢区,街区公園,朝比奈町公園,ブランコマット,,5,m2,,,
金沢土木事務所,金沢区,街区公園,朝比奈町公園,砂場,,1,基,,,
金沢土木事務所,金沢区,街区公園,朝比奈町公園,鉄棒,,1,基,,,
金沢土木事務所,金沢区,街区公園,朝比奈町公園,遊具説明板,,1,基,,,
金沢土木事務所,金沢区,街区公園,イガイ根公園,鋼製複合遊具,,1,基,,3〜12,並木3-9
金沢土木事務所,金沢区,街区公園,伊賀山公園,ブランコ,,1,基,,6〜12,大道1-42
金沢土木事務所,金沢区,街区公園,伊賀山公園,鋼製複合遊具,,1,基,,3〜6,
金沢土木事務所,金沢区,街区公園,伊賀山公園,鉄棒,,1,基,,3〜12,
金沢土木事務所,金沢区,街区公園,大川公園,スプリング遊具,ブルドーザー,1,基,,3〜6,釜利谷東2-1
金沢土木事務所,金沢区,街区公園,大川公園,ブランコ,,1,基,,6〜12,
金沢土木事務所,金沢区,街区公園,大川公園,鋼製複合遊具,,1,基,,3〜6,
金沢土木事務所,金沢区,街区公園,大川公園,砂場,,1,か所,,3〜6,
金沢土木事務所,金沢区,街区公園,奥座公園,クライム遊具,幼児用クライム遊具,1,基,,,釜利谷西4-19
金沢土木事務所,金沢区,街区公園,奥座公園,ジャングルジム,幼児用ジャングルジム,1,基,,,
金沢土木事務所,金沢区,街区公園,奥座公園,すべり台,,1,基,,3〜12,
金沢土木事務所,金沢区,街区公園,奥座公園,すべり台,幼児用斜面すべり台,1,基,,,
金沢土木事務所,金沢区,街区公園,奥座公園,ブランコ,,1,基,,,
金沢土木事務所,金沢区,街区公園,奥座公園,砂場,,1,基,,,
金沢土木事務所,金沢区,街区公園,乙舳第二公園,スプリング遊具,エレファント,1,基,,3〜6,乙舳町21-31
金沢土木事務所,金沢区,街区公園,乙舳第二公園,スプリング遊具,バード,1,基,,3〜6,
金沢土木事務所,金沢区,街区公園,乙舳第二公園,砂場,,1,基,,3〜6,
金沢土木事務所,金沢区,街区公園,片吹公園,ジャングルジム,,1,基,,6〜12,片吹53
金沢土木事務所,金沢区,街区公園,片吹公園,すべり台,,1,基,,3〜12,
金沢土木事務所,金沢区,街区公園,片吹公園,ブランコ,,1,基,,6〜12,
金沢土木事務所,金沢区,街区公園,片吹公園,砂場,,1,か所,,3〜6,
金沢土木事務所,金沢区,街区公園,片吹公園,鉄棒,,1,基,,6〜12,
金沢土木事務所,金沢区,街区公園,片吹第二公園,ブランコ,,1,基,,6〜12,片吹16
金沢土木事務所,金沢区,街区公園,片吹第二公園,砂場,,1,か所,,3〜6,
金沢土木事務所,金沢区,街区公園,片吹第二公園,鉄棒,,1,基,,6〜12,
金沢土木事務所,金沢区,街区公園,金沢町公園,すべり台,,1,基,,6〜12,金沢町121
金沢土木事務所,金沢区,街区公園,金沢町公園,ブランコ,,1,基,,6〜12,
金沢土木事務所,金沢区,街区公園,金沢町公園,健康遊具,背伸ばしベンチ,2,基,,,
金沢土木事務所,金沢区,街区公園,金沢町公園,鋼製複合遊具,,1,基,,3〜12,
金沢土木事務所,金沢区,街区公園,金沢町公園,砂場,,1,か所,,3〜6,
金沢土木事務所,金沢区,街区公園,金沢町第二公園,すべり台,,1,基,,3〜12,金沢町184-132
金沢土木事務所,金沢区,街区公園,金沢町第二公園,ブランコ,,1,基,,6〜12,
金沢土木事務所,金沢区,街区公園,金沢町第二公園,プレイスカルプチュア,カメ,1,基,,3〜6,
金沢土木事務所,金沢区,街区公園,金沢町第二公園,プレイスカルプチュア,ワニ,1,基,,3〜6,
金沢土木事務所,金沢区,街区公園,金沢町第二公園,健康遊具,背伸ばしベンチ,1,基,,,
金沢土木事務所,金沢区,街区公園,金沢町第二公園,鉄棒,,1,基,,3〜12,
金沢土木事務所,金沢区,街区公園,金沢八幡公園,健康遊具,ぶらさがり,1,基,,,寺前1-10
金沢土木事務所,金沢区,街区公園,金沢八幡公園,健康遊具,背のばしベンチ,1,基,,,
金沢土木事務所,金沢区,街区公園,金沢八幡公園,鋼製複合遊具,コンビネーション遊具,1,基,,3〜12,
金沢土木事務所,金沢区,街区公園,釜利谷公園,すべり台,,1,基,,6〜12,釜利谷東2-7
金沢土木事務所,金沢区,街区公園,釜利谷公園,ブランコ,,1,基,,6〜12,
金沢土木事務所,金沢区,街区公園,釜利谷公園,鉄棒,,1,基,,6〜12,
金沢土木事務所,金沢区,街区公園,釜利谷第二公園,うんてい,太鼓橋,1,基,,6〜12,釜利谷東1-26
金沢土木事務所,金沢区,街区公園,釜利谷第二公園,スプリング遊具,クルマ,1,基,,3〜6,
金沢土木事務所,金沢区,街区公園,釜利谷第二公園,スプリング遊具,バイク,1,基,,3〜6,
金沢土木事務所,金沢区,街区公園,釜利谷第二公園,すべり台,,1,基,,6〜12,
金沢土木事務所,金沢区,街区公園,釜利谷第二公園,ブランコ,,1,基,,6〜12,
金沢土木事務所,金沢区,街区公園,釜利谷第二公園,砂場,,1,か所,,3〜6,
金沢土木事務所,金沢区,街区公園,釜利谷第三公園,うんてい,ツイストラダー,1,基,,6〜12,釜利谷東1-6
金沢土木事務所,金沢区,街区公園,釜利谷第三公園,スプリング遊具,ウサギ,1,基,,3〜6,
金沢土木事務所,金沢区,街区公園,釜利谷第三公園,スプリング遊具,カメ,1,基,,3〜6,
金沢土木事務所,金沢区,街区公園,釜利谷第三公園,ブランコ,,1,基,,3〜6,
金沢土木事務所,金沢区,街区公園,釜利谷第三公園,ローラーすべり台,ゾウ型,1,基,,3〜12,
金沢土木事務所,金沢区,街区公園,釜利谷第三公園,砂場,,1,か所,,3〜6,
金沢土木事務所,金沢区,街区公園,釜利谷第三公園,鉄棒,,1,基,,6〜12,
金沢土木事務所,金沢区,街区公園,釜利谷第四公園,ブランコ,,1,基,,6〜12,釜利谷東1-56
金沢土木事務所,金沢区,街区公園,釜利谷第四公園,鋼製複合遊具,,1,基,,3〜12,
金沢土木事務所,金沢区,街区公園,釜利谷第四公園,砂場,,1,か所,,3〜6,
金沢土木事務所,金沢区,街区公園,釜利谷第五公園,スウィング遊具,,1,基,,3〜12,釜利谷東2-19
金沢土木事務所,金沢区,街区公園,釜利谷第五公園,ブランコ,,1,基,,6〜12,
金沢土木事務所,金沢区,街区公園,釜利谷第五公園,鋼製複合遊具,,1,基,,3〜6,
金沢土木事務所,金沢区,街区公園,釜利谷第五公園,砂場,,1,か所,,3〜6,
金沢土木事務所,金沢区,街区公園,釜利谷赤坂公園,ジャングルジム,,1,基,,6〜12,釜利谷東4-15
金沢土木事務所,金沢区,街区公園,釜利谷赤坂公園,スプリング遊具,クジラ,1,基,,3〜6,
金沢土木事務所,金沢区,街区公園,釜利谷赤坂公園,スプリング遊具,ポニー,1,基,,3〜6,
金沢土木事務所,金沢区,街区公園,釜利谷赤坂公園,すべり台,,1,基,,3〜12,
金沢土木事務所,金沢区,街区公園,釜利谷赤坂公園,ブランコ,,1,基,,6〜12,
金沢土木事務所,金沢区,街区公園,釜利谷赤坂公園,プレイスカルプチュア,子どもの家,1,基,,3〜6,
金沢土木事務所,金沢区,街区公園,釜利谷赤坂公園,鋼製複合遊具,,1,基,,3〜12,
金沢土木事務所,金沢区,街区公園,釜利谷赤坂公園,砂場,,1,か所,,3〜6,
金沢土木事務所,金沢区,街区公園,釜利谷赤坂公園,鉄棒,,1,基,,6〜12,
金沢土木事務所,金沢区,街区公園,釜利谷柿の木公園,すべり台,,1,基,,6〜12,釜利谷西2-3
金沢土木事務所,金沢区,街区公園,釜利谷柿の木公園,ブランコ,,1,基,,6〜12,
金沢土木事務所,金沢区,街区公園,釜利谷柿の木公園,健康遊具,腰回転,1,基,,,
金沢土木事務所,金沢区,街区公園,釜利谷柿の木公園,健康遊具,背伸ばしベンチ,1,基,,,
金沢土木事務所,金沢区,街区公園,釜利谷柿の木公園,健康遊具,腹筋ベンチ,1,基,,,
金沢土木事務所,金沢区,街区公園,釜利谷柿の木公園,砂場,,1,か所,,3〜6,
金沢土木事務所,金沢区,街区公園,釜利谷柿の木公園,鉄棒,,1,基,,6〜12,
金沢土木事務所,金沢区,街区公園,釜利谷坂本公園,すべり台,,1,基,,6〜12,釜利谷南1-3
金沢土木事務所,金沢区,街区公園,釜利谷坂本公園,ブランコ,,1,基,,6〜12,
金沢土木事務所,金沢区,街区公園,釜利谷坂本公園,砂場,コンクリート縁石,1,か所,,3〜6,
金沢土木事務所,金沢区,街区公園,釜利谷坂本公園,鉄棒,,1,基,,6〜12,
金沢土木事務所,金沢区,街区公園,釜利谷坂本第二公園,クライム遊具,クライマー,1,基,,6〜12,釜利谷南4-8
金沢土木事務所,金沢区,街区公園,釜利谷坂本第二公園,すべり台,,1,基,,6〜12,
金沢土木事務所,金沢区,街区公園,釜利谷坂本第二公園,ブランコ,,1,基,,6〜12,
金沢土木事務所,金沢区,街区公園,釜利谷坂本第二公園,健康遊具,背伸ばしベンチ,1,基,,,
金沢土木事務所,金沢区,街区公園,釜利谷坂本第二公園,砂場,,1,か所,,3〜6,
金沢土木事務所,金沢区,街区公園,釜利谷坂本第二公園,鉄棒,,1,基,,6〜12,
金沢土木事務所,金沢区,街区公園,釜利谷宿公園,すべり台,,1,基,,,釜利谷東6-16
金沢土木事務所,金沢区,街区公園,釜利谷宿公園,ブランコ,,1,基,,6〜12,
金沢土木事務所,金沢区,街区公園,釜利谷宿公園,砂場,コンクリート縁石,1,か所,,3〜6,
金沢土木事務所,金沢区,街区公園,釜利谷西一丁目公園,スプリング遊具,ウマ,1,基,,3〜6,釜利谷西1-14
金沢土木事務所,金沢区,街区公園,釜利谷西一丁目公園,スプリング遊具,バギー,1,基,,3〜6,
金沢土木事務所,金沢区,街区公園,釜利谷西一丁目公園,鋼製複合遊具,トイタウン,1,基,,6〜12,
金沢土木事務所,金沢区,街区公園,釜利谷西一丁目公園,砂場,,1,か所,,3〜6,
金沢土木事務所,金沢区,街区公園,釜利谷東八丁目公園,鋼製複合遊具,,1,基,,3〜12,釜利谷東8-1794-15
金沢土木事務所,金沢区,街区公園,釜利谷東八丁目公園,砂場,,1,か所,,3〜6,
金沢土木事務所,金沢区,街区公園,釜利谷東八丁目公園,鉄棒,,1,基,,6〜12,
金沢土木事務所,金沢区,街区公園,釜利谷南二丁目公園,すべり台,,1,基,,6〜12,釜利谷南2-13
金沢土木事務所,金沢区,街区公園,釜利谷南二丁目公園,鉄棒,,1,基,,6〜12,
金沢土木事務所,金沢区,街区公園,釜利谷わんぱく公園,コンクリート遊具,すべり台,1,基,,3〜12,釜利谷西1-1
金沢土木事務所,金沢区,街区公園,釜利谷わんぱく公園,コンクリート遊具,石の山,1,基,,3〜12,
金沢土木事務所,金沢区,街区公園,釜利谷わんぱく公園,スプリング遊具,ウマ,1,基,,3〜6,
金沢土木事務所,金沢区,街区公園,釜利谷わんぱく公園,スプリング遊具,バギー,1,基,,3〜6,
金沢土木事務所,金沢区,街区公園,釜利谷わんぱく公園,すべり台,幅広すべり台,1,基,,3〜12,
金沢土木事務所,金沢区,街区公園,釜利谷わんぱく公園,ブランコ,,1,基,,6〜12,
金沢土木事務所,金沢区,街区公園,釜利谷わんぱく公園,健康遊具,背伸ばしベンチ,2,基,,,
金沢土木事務所,金沢区,街区公園,釜利谷わんぱく公園,健康遊具,腹筋ベンチ,1,基,,,
金沢土木事務所,金沢区,街区公園,釜利谷わんぱく公園,鋼製複合遊具,,1,基,,3〜6,
金沢土木事務所,金沢区,街区公園,釜利谷わんぱく公園,鋼製遊具,こどもの家,1,基,,3〜6,
金沢土木事務所,金沢区,街区公園,釜利谷わんぱく公園,砂場,,1,か所,,3〜6,
金沢土木事務所,金沢区,街区公園,釜利谷わんぱく公園,鉄棒,,1,基,,6〜12,
金沢土木事務所,金沢区,街区公園,釜利谷わんぱく公園,鉄棒,,1,基,,,
金沢土木事務所,金沢区,街区公園,釜利谷わんぱく公園,鉄棒,,1,基,,,
金沢土木事務所,金沢区,街区公園,カメギ根公園,すべり台,,1,基,,3〜12,柴町364
金沢土木事務所,金沢区,街区公園,カメギ根公園,ブランコ,,1,基,,6〜12,
金沢土木事務所,金沢区,街区公園,カメギ根公園,砂場,,1,か所,,3〜6,
金沢土木事務所,金沢区,街区公園,北之門公園,スプリング遊具,ウサギ,1,基,,3〜6,釜利谷西4-5
金沢土木事務所,金沢区,街区公園,北之門公園,スプリング遊具,バイク,1,基,,3〜6,
金沢土木事務所,金沢区,街区公園,北之門公園,ブランコ,,1,基,,6〜12,
金沢土木事務所,金沢区,街区公園,北之門公園,健康遊具,懸垂,1,基,,6〜12,
金沢土木事務所,金沢区,街区公園,北之門公園,健康遊具,背伸ばしベンチ,1,基,,,
金沢土木事務所,金沢区,街区公園,北之門公園,健康遊具,腹筋ベンチ,1,基,,,
金沢土木事務所,金沢区,街区公園,北之門公園,鋼製複合遊具,,1,基,,6〜12,
金沢土木事務所,金沢区,街区公園,北之門公園,砂場,,1,か所,,3〜6,
金沢土木事務所,金沢区,街区公園,北之門公園,鉄棒,,1,基,,6〜12,
金沢土木事務所,金沢区,街区公園,北谷公園,すべり台,,1,基,,3〜12,釜利谷東5-9
金沢土木事務所,金沢区,街区公園,北谷公園,砂場,,1,か所,,3〜6,
金沢土木事務所,金沢区,街区公園,北谷公園,鉄棒,,1,基,,6〜12,
金沢土木事務所,金沢区,街区公園,サルダの鼻公園,シーソー,アニマルシーソー,1,基,,3〜6,並木2-1
金沢土木事務所,金沢区,街区公園,サルダの鼻公園,砂場,,1,か所,,3〜6,
金沢土木事務所,金沢区,街区公園,沢木谷公園,すべり台,,1,基,,6〜12,釜利谷南3-12
金沢土木事務所,金沢区,街区公園,沢木谷公園,ブランコ,,1,基,,6〜12,
金沢土木事務所,金沢区,街区公園,沢木谷公園,健康遊具,弓形懸垂,1,基,,,
金沢土木事務所,金沢区,街区公園,沢木谷公園,砂場,,1,か所,,3〜6,
金沢土木事務所,金沢区,街区公園,沢木谷公園,鉄棒,,1,基,,6〜12,
金沢土木事務所,金沢区,街区公園,沢木谷第二公園,すべり台,,1,基,,6〜12,釜利谷南4-19
金沢土木事務所,金沢区,街区公園,沢木谷第二公園,ブランコ,,1,基,,6〜12,
金沢土木事務所,金沢区,街区公園,沢木谷第二公園,健康遊具,ぶらぶらツリー,1,基,,,
金沢土木事務所,金沢区,街区公園,沢木谷第二公園,健康遊具,背伸ばしベンチ,1,基,,,
金沢土木事務所,金沢区,街区公園,沢木谷第二公園,健康遊具,腹筋ベンチ,1,基,,,
金沢土木事務所,金沢区,街区公園,沢木谷第二公園,砂場,コンクリート縁石,1,か所,,3〜6,
金沢土木事務所,金沢区,街区公園,沢木谷第二公園,鉄棒,,1,基,,6〜12,
金沢土木事務所,金沢区,街区公園,沢木谷第三公園,ブランコ,,1,基,,,釜利谷南4-31
金沢土木事務所,金沢区,街区公園,沢木谷第三公園,砂場,,1,か所,,3〜6,
金沢土木事務所,金沢区,街区公園,沢木谷第三公園,鉄棒,,1,基,,,
金沢土木事務所,金沢区,街区公園,沢木谷第四公園,すべり台,,1,基,,,釜利谷南3-18
金沢土木事務所,金沢区,街区公園,沢木谷第四公園,ブランコ,,1,基,,,
金沢土木事務所,金沢区,街区公園,沢木谷第四公園,砂場,,1,か所,,3〜6,
金沢土木事務所,金沢区,街区公園,沢木谷第四公園,鉄棒,,1,基,,,
金沢土木事務所,金沢区,街区公園,潮通り公園,コンクリート遊具,プリン型すべり台,1,基,,6〜12,並木1-24
金沢土木事務所,金沢区,街区公園,潮通り公園,スプリング遊具,,2,基,,,
金沢土木事務所,金沢区,街区公園,潮通り公園,鉄棒,,1,基,,,
金沢土木事務所,金沢区,街区公園,柴町公園,ブランコ,,1,基,,3〜6,柴町37-6
金沢土木事務所,金沢区,街区公園,下ノ浜公園,すべり台,,1,基,,6〜12,富岡東4-10
金沢土木事務所,金沢区,街区公園,下ノ浜公園,ブランコ,,1,基,,6〜12,
金沢土木事務所,金沢区,街区公園,下ノ浜公園,健康遊具,つぼ押しベンチ,2,基,,,
金沢土木事務所,金沢区,街区公園,下ノ浜公園,健康遊具,ぶら下がり,1,基,,,
金沢土木事務所,金沢区,街区公園,下ノ浜公園,砂場,,1,か所,,3〜6,
金沢土木事務所,金沢区,街区公園,下ノ浜公園,鉄棒,,1,基,,6〜12,
金沢土木事務所,金沢区,街区公園,称名寺東公園,すべり台,,1,基,,3〜6,西柴4-24
金沢土木事務所,金沢区,街区公園,称名寺東公園,ブランコ,幼児用ブランコ,2,基,,3〜6,
金沢土木事務所,金沢区,街区公園,称名寺東公園,健康遊具,背伸ばしベンチ,1,基,,12〜,
金沢土木事務所,金沢区,街区公園,称名寺東公園,鉄棒,,1,基,,3〜12,
金沢土木事務所,金沢区,街区公園,城山台公園,ジャングルジム,円形、５段サーキュラーキャッスル,1,基,,3〜12,谷津町40-99
金沢土木事務所,金沢区,街区公園,城山台公園,すべり台,,1,基,,6〜12,
金沢土木事務所,金沢区,街区公園,城山台公園,すべり台,げんきハウス（幼児用）,1,基,,3〜6,
金沢土木事務所,金沢区,街区公園,城山台公園,ブランコ,,1,基,,6〜12,
金沢土木事務所,金沢区,街区公園,城山台公園,健康遊具,背伸ばしベンチ,1,基,,,
金沢土木事務所,金沢区,街区公園,城山台公園,健康遊具,腹筋ベンチ,1,基,,,
金沢土木事務所,金沢区,街区公園,城山台公園,鉄棒,,1,基,,3〜12,
金沢土木事務所,金沢区,街区公園,杉の崎公園,スプリング遊具,カバ,1,基,,3〜6,大道2-26
金沢土木事務所,金沢区,街区公園,杉の崎公園,スプリング遊具,キリン,1,基,,3〜6,
金沢土木事務所,金沢区,街区公園,杉の崎公園,すべり台,,1,基,,,
金沢土木事務所,金沢区,街区公園,杉の崎公園,ブランコ,,1,基,,,
金沢土木事務所,金沢区,街区公園,杉の崎公園,鉄棒,,1,基,,,
金沢土木事務所,金沢区,街区公園,洲崎公園,スプリング遊具,,2,基,,,須崎町23
金沢土木事務所,金沢区,街区公園,洲崎公園,すべり台,,1,基,,,
金沢土木事務所,金沢区,街区公園,洲崎公園,ブランコ,,1,基,,,
金沢土木事務所,金沢区,街区公園,洲崎公園,砂場,洗い出し,1,基,,,
金沢土木事務所,金沢区,街区公園,洲崎公園,鉄棒,,1,基,,6〜12,
金沢土木事務所,金沢区,街区公園,瀬ケ崎台公園,その他遊具,クライム遊具,1,か所,,,六浦南1-14
金沢土木事務所,金沢区,街区公園,瀬ケ崎台公園,その他遊具,ゴムステップ,8,基,,,
金沢土木事務所,金沢区,街区公園,瀬ケ崎台公園,ブランコ,,1,基,,6〜12,
金沢土木事務所,金沢区,街区公園,瀬ケ崎台公園,鋼製複合遊具,すべり台（樹脂製）2基、うんてい,1,基,,3〜12,
金沢土木事務所,金沢区,街区公園,瀬ケ崎台公園,砂場,,1,基,,,
金沢土木事務所,金沢区,街区公園,瀬ケ崎台公園,砂場テーブル,,1,基,,3〜6,
金沢土木事務所,金沢区,街区公園,瀬ケ崎台公園,鉄棒,,1,基,,6〜12,
金沢土木事務所,金沢区,街区公園,関ヶ谷公園,ジャングルジム,,1,基,,6〜12,釜利谷西3-42
金沢土木事務所,金沢区,街区公園,関ヶ谷公園,ブランコ,,1,基,,6〜12,
金沢土木事務所,金沢区,街区公園,関ヶ谷公園,健康遊具,マッサージベンチ,1,基,,,
金沢土木事務所,金沢区,街区公園,関ヶ谷公園,鋼製複合遊具,,1,基,,3〜12,
金沢土木事務所,金沢区,街区公園,関ヶ谷公園,砂場,,1,か所,,3〜6,
金沢土木事務所,金沢区,街区公園,関ヶ谷公園,鉄棒,,1,基,,,
金沢土木事務所,金沢区,街区公園,関ヶ谷第二公園,すべり台,,1,基,,,釜利谷西3-28
金沢土木事務所,金沢区,街区公園,関ヶ谷第二公園,ブランコ,,1,基,,,
金沢土木事務所,金沢区,街区公園,関ヶ谷第二公園,健康遊具,ぶら下がり,1,基,,,
金沢土木事務所,金沢区,街区公園,関ヶ谷第二公園,健康遊具,背伸ばしベンチ,1,基,,,
金沢土木事務所,金沢区,街区公園,関ヶ谷第二公園,健康遊具,腹筋ベンチ,1,基,,,
金沢土木事務所,金沢区,街区公園,関ヶ谷の辻公園,スプリング遊具,ザギー,1,基,,3〜6,釜利谷西2-35
金沢土木事務所,金沢区,街区公園,関ヶ谷の辻公園,スプリング遊具,ジギー,1,基,,3〜6,
金沢土木事務所,金沢区,街区公園,関ヶ谷の辻公園,スプリング遊具,スティンガー,1,基,,3〜6,
金沢土木事務所,金沢区,街区公園,関ヶ谷の辻公園,スプリング遊具,ブレイザー,1,基,,3〜6,
金沢土木事務所,金沢区,街区公園,関ヶ谷の辻公園,鋼製複合遊具,トラベラー,1,基,,6〜12,
金沢土木事務所,金沢区,街区公園,関ヶ谷の辻公園,砂場,,1,か所,,3〜6,
金沢土木事務所,金沢区,街区公園,瀬戸公園,健康遊具,ぶら下がり,1,基,,,瀬戸10
金沢土木事務所,金沢区,街区公園,瀬戸公園,健康遊具,背伸ばしベンチ,1,基,,,
金沢土木事務所,金沢区,街区公園,大道公園,スプリング遊具,ウマ,1,基,,3〜6,大道1-66
金沢土木事務所,金沢区,街区公園,大道公園,スプリング遊具,ゾウ,1,基,,3〜6,
金沢土木事務所,金沢区,街区公園,大道公園,すべり台,,1,基,,,
金沢土木事務所,金沢区,街区公園,大道公園,ブランコ,,1,基,,6〜12,
金沢土木事務所,金沢区,街区公園,大道公園,鉄棒,,1,基,,6〜12,
金沢土木事務所,金沢区,街区公園,高舟台第一公園,スプリング遊具,,1,基,,,高舟台2-36
金沢土木事務所,金沢区,街区公園,高舟台第一公園,スプリング遊具,バイク,1,基,,,
金沢土木事務所,金沢区,街区公園,高舟台第一公園,すべり台,ワニワニスライダー,1,基,,,
金沢土木事務所,金沢区,街区公園,高舟台第一公園,ブランコ,,1,基,,,
金沢土木事務所,金沢区,街区公園,高舟台第一公園,砂場,,1,か所,,3〜6,
金沢土木事務所,金沢区,街区公園,高舟台第一公園,鉄棒,,1,基,,6〜12,
金沢土木事務所,金沢区,街区公園,高舟台第二公園,ふみいたストレッチ,,1,基,,,高舟台2-36
金沢土木事務所,金沢区,街区公園,高舟台第二公園,ぶらさがり,,1,基,,,
金沢土木事務所,金沢区,街区公園,高舟台第二公園,背伸ばしベンチ,,1,基,,,
金沢土木事務所,金沢区,街区公園,高宗台公園,ブランコ,,1,基,,6〜12,六浦3-27
金沢土木事務所,金沢区,街区公園,高宗台公園,砂場,,1,か所,,3〜6,
金沢土木事務所,金沢区,街区公園,高宗台公園,鉄棒,,1,基,,6〜12,
金沢土木事務所,金沢区,街区公園,高谷公園,健康遊具,親子懸垂,1,基,,,六浦東2-18
金沢土木事務所,金沢区,街区公園,高谷公園,健康遊具,背伸ばしベンチ 小,1,基,,,
金沢土木事務所,金沢区,街区公園,高谷公園,鋼製複合遊具,,1,基,,3〜12,
金沢土木事務所,金沢区,街区公園,高谷第二公園,幼児用遊具樹脂製球体,小,1,基,,,六浦東2-6
金沢土木事務所,金沢区,街区公園,高谷第二公園,幼児用遊具樹脂製球体,大,1,基,,,
金沢土木事務所,金沢区,街区公園,高谷第二公園,幼児用遊具樹脂製球体,中,1,基,,,
金沢土木事務所,金沢区,街区公園,泥亀一丁目公園,ブランコ,,1,基,,,泥亀1-28
金沢土木事務所,金沢区,街区公園,泥亀一丁目公園,鋼製複合遊具,,1,基,,3〜12,
金沢土木事務所,金沢区,街区公園,泥亀一丁目公園,砂場,,1,か所,,3〜6,
金沢土木事務所,金沢区,街区公園,泥亀一丁目公園,鉄棒,,1,基,,,
金沢土木事務所,金沢区,街区公園,寺前さざなみ公園,ブランコ,,1,基,,6〜12,寺前2-5
金沢土木事務所,金沢区,街区公園,寺前さざなみ公園,鋼製複合遊具,ダブルリング,1,基,,3〜12,
金沢土木事務所,金沢区,街区公園,寺前さざなみ公園,砂場,,1,か所,,3〜6,
金沢土木事務所,金沢区,街区公園,寺前さざなみ公園,鉄棒,,1,基,,6〜12,
金沢土木事務所,金沢区,街区公園,寺前さざなみ公園,鉄棒,,1,基,,6〜12,
金沢土木事務所,金沢区,街区公園,寺前町公園,スプリング遊具,,2,基,,,寺前1-5
金沢土木事務所,金沢区,街区公園,寺前町公園,鋼製複合遊具,,1,基,,,
金沢土木事務所,金沢区,街区公園,寺前町公園,砂場,,1,か所,,3〜6,
金沢土木事務所,金沢区,街区公園,鳶埼公園,すべり台,,1,基,,,柴町343-6
金沢土木事務所,金沢区,街区公園,鳶埼公園,ブランコ,,1,基,,,
金沢土木事務所,金沢区,街区公園,鳶埼公園,砂場,,1,か所,,3〜6,
金沢土木事務所,金沢区,街区公園,富岡第二公園,ブランコ,,1,基,,,富岡西7-37
金沢土木事務所,金沢区,街区公園,富岡第二公園,砂場,,1,か所,,,
金沢土木事務所,金沢区,街区公園,富岡第二公園,鉄棒,,1,基,,,
金沢土木事務所,金沢区,街区公園,富岡第三公園,スプリング遊具,ウサギ,1,基,遊戯広場　下,3〜6,富岡西4-49
金沢土木事務所,金沢区,街区公園,富岡第三公園,スプリング遊具,コゾウ,1,基,遊戯広場　下,3〜6,
金沢土木事務所,金沢区,街区公園,富岡第三公園,すべり台,,1,基,遊戯広場　下,6〜12,
金沢土木事務所,金沢区,街区公園,富岡第三公園,ブランコ,,1,基,遊戯広場　下,6〜12,
金沢土木事務所,金沢区,街区公園,富岡第三公園,砂場,,1,か所,遊戯広場　下,3〜6,
金沢土木事務所,金沢区,街区公園,富岡第三公園,鉄棒,,1,基,遊戯広場　下,6〜12,
金沢土木事務所,金沢区,街区公園,富岡第三公園,木製遊具,ままごとハウス,1,基,遊戯広場　上,3〜6,
金沢土木事務所,金沢区,街区公園,富岡第四公園,鋼製複合遊具,ネイチャービルダー,1,基,,,富岡西4-16
金沢土木事務所,金沢区,街区公園,富岡第四公園,砂場,,1,か所,,3〜6,
金沢土木事務所,金沢区,街区公園,富岡第四公園,鉄棒,,1,基,,,
金沢土木事務所,金沢区,街区公園,富岡第五公園,すべり台,,1,基,,,富岡西5-7
金沢土木事務所,金沢区,街区公園,富岡第五公園,その他遊具,円形卓球台,1,基,,,
金沢土木事務所,金沢区,街区公園,富岡第五公園,ブランコ,,1,基,,,
金沢土木事務所,金沢区,街区公園,富岡第五公園,健康遊具,ツイストチェアー,1,基,,,
金沢土木事務所,金沢区,街区公園,富岡第五公園,健康遊具,ぶら下がり,1,基,,,
金沢土木事務所,金沢区,街区公園,富岡第五公園,健康遊具,踏み板ストレッチ,1,基,,,
金沢土木事務所,金沢区,街区公園,富岡第五公園,健康遊具,背伸ばしベンチ,1,基,,,
金沢土木事務所,金沢区,街区公園,富岡第五公園,砂場,,1,基,,,
金沢土木事務所,金沢区,街区公園,富岡第五公園,鉄棒,,1,基,,,
金沢土木事務所,金沢区,街区公園,富岡第六公園,すべり台,,1,基,,6〜12,富岡西6-29
金沢土木事務所,金沢区,街区公園,富岡第六公園,ブランコ,,1,基,,6〜12,
金沢土木事務所,金沢区,街区公園,富岡第六公園,砂場,コンクリート縁石,1,か所,,3〜6,
金沢土木事務所,金沢区,街区公園,富岡第六公園,鉄棒,,1,基,,6〜12,
金沢土木事務所,金沢区,街区公園,富岡第七公園,ブランコ,,1,基,,6〜12,富岡西5-41
金沢土木事務所,金沢区,街区公園,富岡第七公園,鋼製複合遊具,,1,基,,3〜12,
金沢土木事務所,金沢区,街区公園,富岡第七公園,鉄棒,,1,基,,3〜6,
金沢土木事務所,金沢区,街区公園,富岡大谷公園,鋼製複合遊具,,1,基,,6〜12,富岡西3-9
金沢土木事務所,金沢区,街区公園,富岡大谷公園,鋼製複合遊具,,1,基,,3〜6,
金沢土木事務所,金沢区,街区公園,富岡大谷公園,砂場,,1,基,,3〜6,
金沢土木事務所,金沢区,街区公園,富岡大谷第二公園,スプリング遊具,イヌ,1,基,,3〜6,富岡西3-1
金沢土木事務所,金沢区,街区公園,富岡大谷第二公園,スプリング遊具,ウマ,1,基,,3〜6,
金沢土木事務所,金沢区,街区公園,富岡大谷第二公園,鋼製複合遊具,,1,基,,3〜12,
金沢土木事務所,金沢区,街区公園,富岡大谷第二公園,砂場,,1,か所,,3〜6,
金沢土木事務所,金沢区,街区公園,富岡大谷第二公園,鉄棒,,1,基,,,
金沢土木事務所,金沢区,街区公園,富岡桜ヶ丘公園,すべり台,,1,基,,,富岡西7-38
金沢土木事務所,金沢区,街区公園,富岡西一丁目公園,ブランコ,,1,基,,,
金沢土木事務所,金沢区,街区公園,富岡西一丁目公園,鋼製複合遊具,森のこどもコンビ,1,基,,,
金沢土木事務所,金沢区,街区公園,富岡西一丁目公園,砂場,,1,か所,,3〜6,
金沢土木事務所,金沢区,街区公園,富岡西一丁目公園,鉄棒,,1,基,,,
金沢土木事務所,金沢区,街区公園,富岡西三丁目公園,スプリング遊具,オートバイ,1,基,,3〜6,富岡西3-15
金沢土木事務所,金沢区,街区公園,富岡西三丁目公園,スプリング遊具,ヒコーキ,1,基,,3〜6,
金沢土木事務所,金沢区,街区公園,富岡西三丁目公園,健康遊具,,1,基,,,
金沢土木事務所,金沢区,街区公園,富岡西三丁目公園,鋼製複合遊具,,1,基,,3〜12,
金沢土木事務所,金沢区,街区公園,富岡西三丁目公園,鉄棒,,1,基,,6〜12,
金沢土木事務所,金沢区,街区公園,富岡西七丁目公園,コンクリート遊具,すべり台,1,基,,3〜12,富岡西7-71
金沢土木事務所,金沢区,街区公園,富岡西七丁目公園,鋼製複合遊具,スライドワインダー,1,基,,3〜12,
金沢土木事務所,金沢区,街区公園,富岡西七丁目公園,砂場,,1,か所,,3〜6,
金沢土木事務所,金沢区,街区公園,富岡東一丁目公園,コンクリート遊具,人研ぎすべり台,1,基,,3〜12,富岡東1-26
金沢土木事務所,金沢区,街区公園,富岡東一丁目公園,ブランコ,,1,基,,6〜12,
金沢土木事務所,金沢区,街区公園,富岡東一丁目公園,鋼製複合遊具,,1,基,,3〜12,
金沢土木事務所,金沢区,街区公園,富岡東一丁目公園,砂場,,1,か所,,3〜6,
金沢土木事務所,金沢区,街区公園,富岡東一丁目公園,鉄棒,,1,基,,6〜12,
金沢土木事務所,金沢区,街区公園,富岡ひかりが丘公園,コンクリート遊具,人研ぎすべり台,1,か所,,3〜12,富岡西4-56
金沢土木事務所,金沢区,街区公園,富岡ひかりが丘公園,ブランコ,,1,基,,,
金沢土木事務所,金沢区,街区公園,富岡ひかりが丘公園,砂場,,1,か所,,3〜6,
金沢土木事務所,金沢区,街区公園,鳥浜公園,バスケットゴール,,1,基,,6〜12,鳥浜町16-3.
金沢土木事務所,金沢区,街区公園,鳥浜公園,健康遊具,懸垂,1,基,,,
金沢土木事務所,金沢区,街区公園,鳥浜公園,健康遊具,背伸ばしベンチ,1,基,,,
金沢土木事務所,金沢区,街区公園,鳥浜公園,健康遊具,飛び越し,1,基,,,
金沢土木事務所,金沢区,街区公園,鳥浜公園,健康遊具,腕鍛えベンチ,1,基,,,
金沢土木事務所,金沢区,街区公園,鳥見ヶ丘公園,健康遊具,背のばしベンチ,1,基,,,富岡東3-5
金沢土木事務所,金沢区,街区公園,鳥見ヶ丘第二公園,ブランコ,,1,基,,6〜12,富岡東3-9
金沢土木事務所,金沢区,街区公園,鳥見ヶ丘第二公園,健康遊具,,1,基,,,
金沢土木事務所,金沢区,街区公園,鳥見ヶ丘第二公園,健康遊具,背伸ばしチェアー,1,基,,,
金沢土木事務所,金沢区,街区公園,鳥見ヶ丘第二公園,砂場,,1,か所,,3〜6,
金沢土木事務所,金沢区,街区公園,長浜第三公園,すべり台,,1,基,,,長浜6-28
金沢土木事務所,金沢区,街区公園,長浜第三公園,ブランコ,,1,基,,6〜12,
金沢土木事務所,金沢区,街区公園,長浜第三公園,砂場,,1,か所,,3〜6,
金沢土木事務所,金沢区,街区公園,長浜みはらし公園,すべり台,,1,基,,3〜12,堀口15
金沢土木事務所,金沢区,街区公園,長浜みはらし公園,ブランコ,,1,基,,,
金沢土木事務所,金沢区,街区公園,長浜みはらし公園,砂場,,1,か所,,3〜6,
金沢土木事務所,金沢区,街区公園,長浜みはらし公園,鉄棒,,1,基,,,
金沢土木事務所,金沢区,街区公園,夏山第一公園,スプリング遊具,キャット,1,基,遊戯広場,3〜6,釜利谷西1-42
金沢土木事務所,金沢区,街区公園,夏山第一公園,スプリング遊具,シーソー,1,基,遊戯広場,3〜6,
金沢土木事務所,金沢区,街区公園,夏山第一公園,その他遊具,こね台,1,基,遊戯広場,3〜6,
金沢土木事務所,金沢区,街区公園,夏山第一公園,ブランコ,,1,基,遊戯広場,6〜12,
金沢土木事務所,金沢区,街区公園,夏山第一公園,健康遊具,スプリングバー,1,基,自由広場,,
金沢土木事務所,金沢区,街区公園,夏山第一公園,健康遊具,ツイストスツール,1,基,自由広場,,
金沢土木事務所,金沢区,街区公園,夏山第一公園,健康遊具,背伸ばしベンチ,1,基,自由広場,,
金沢土木事務所,金沢区,街区公園,夏山第一公園,鋼製複合遊具,,1,基,遊戯広場,3〜12,
金沢土木事務所,金沢区,街区公園,夏山第一公園,砂場,,1,か所,遊戯広場,3〜6,
金沢土木事務所,金沢区,街区公園,夏山第一公園,鉄棒,,1,基,遊戯広場,6〜12,
金沢土木事務所,金沢区,街区公園,夏山第二公園,スプリング遊具,ブルドーザー,1,基,,3〜6,釜利谷西3-5
金沢土木事務所,金沢区,街区公園,夏山第二公園,スプリング遊具,ポニー,1,基,,3〜6,
金沢土木事務所,金沢区,街区公園,夏山第二公園,すべり台,,1,基,,3〜6,
金沢土木事務所,金沢区,街区公園,夏山第二公園,ブランコ,,1,基,,3〜6,
金沢土木事務所,金沢区,街区公園,夏山第二公園,砂場,,1,か所,,,
金沢土木事務所,金沢区,街区公園,夏山第二公園,鉄棒,,1,基,,6〜12,
金沢土木事務所,金沢区,街区公園,夏山東公園,鋼製複合遊具,,1,基,,6〜12,釜利谷西1-15
金沢土木事務所,金沢区,街区公園,夏山東公園,鉄棒,,1,基,,6〜12,
金沢土木事務所,金沢区,街区公園,西柴第一公園,すべり台,,1,基,,3〜12,西柴3-32
金沢土木事務所,金沢区,街区公園,西柴第一公園,ブランコ,,1,基,,6〜12,
金沢土木事務所,金沢区,街区公園,西柴第一公園,砂場,,1,か所,,3〜6,
金沢土木事務所,金沢区,街区公園,西柴第一公園,鉄棒,,1,基,,6〜12,
金沢土木事務所,金沢区,街区公園,西柴第二公園,シーソー,弓形シーソー,1,基,,6〜12,西柴1-14
金沢土木事務所,金沢区,街区公園,西柴第二公園,すべり台,,1,基,,,
金沢土木事務所,金沢区,街区公園,西柴第二公園,その他遊具,ホッピングステップ、７連,1,基,,6〜12,
金沢土木事務所,金沢区,街区公園,西柴第二公園,ブランコ,,1,基,,6〜12,
金沢土木事務所,金沢区,街区公園,西柴第二公園,鉄棒,,1,基,,6〜12,
金沢土木事務所,金沢区,街区公園,西柴第三公園,すべり台,幼児用、ちびっこのおうち,1,基,,3〜6,西柴2-22
金沢土木事務所,金沢区,街区公園,西柴第三公園,ブランコ,,1,基,,3〜12,
金沢土木事務所,金沢区,街区公園,西柴第三公園,健康遊具,ツイストチェアー,1,基,,,
金沢土木事務所,金沢区,街区公園,西柴第三公園,健康遊具,ぶら下り,1,基,,,
金沢土木事務所,金沢区,街区公園,西柴第三公園,健康遊具,背伸ばしベンチ,1,基,,,
金沢土木事務所,金沢区,街区公園,西柴第三公園,砂場,,1,か所,,3〜12,
金沢土木事務所,金沢区,街区公園,西柴第三公園,鉄棒,,1,基,,3〜12,
金沢土木事務所,金沢区,街区公園,西柴第四公園,すべり台,,1,基,,6〜12,西柴1-26
金沢土木事務所,金沢区,街区公園,西柴第四公園,ブランコ,,1,基,,6〜12,
金沢土木事務所,金沢区,街区公園,西柴第四公園,砂場,,1,か所,,3〜6,
金沢土木事務所,金沢区,街区公園,西柴第四公園,鉄棒,,1,基,,6〜12,
金沢土木事務所,金沢区,街区公園,西柴第五公園,健康遊具,ぶらさがり,1,基,,,西柴2-6
金沢土木事務所,金沢区,街区公園,西柴第五公園,健康遊具,背伸ばしベンチ,1,基,,,
金沢土木事務所,金沢区,街区公園,西柴第五公園,健康遊具,腹筋ベンチ,1,基,,,
金沢土木事務所,金沢区,街区公園,西柴一丁目公園,ザイルクライム,1連,1,基,,6〜12,西柴1-76-7
金沢土木事務所,金沢区,街区公園,西柴一丁目公園,スプリング遊具,ウマ,1,基,,3〜6,
金沢土木事務所,金沢区,街区公園,西柴一丁目公園,スプリング遊具,コゾウ,1,基,,3〜6,
金沢土木事務所,金沢区,街区公園,西柴一丁目公園,砂場,,1,か所,,3〜6,
金沢土木事務所,金沢区,街区公園,西柴台公園,ブランコ,,1,基,,6〜12,長浜2-7
金沢土木事務所,金沢区,街区公園,西柴台公園,鋼製複合遊具,,1,基,,6〜12,
金沢土木事務所,金沢区,街区公園,西柴台公園,砂場,,1,か所,,3〜6,
金沢土木事務所,金沢区,街区公園,西柴台公園,鉄棒,,1,基,,6〜12,
金沢土木事務所,金沢区,街区公園,能見台あきにれ公園,鋼製複合遊具,,1,基,,3〜12,能見台5-49-1
金沢土木事務所,金沢区,街区公園,能見台あきにれ公園,砂場,,1,か所,,3〜6,
金沢土木事務所,金沢区,街区公園,能見台清水ヶ入公園,コンクリート遊具,すべり台,1,基,,3〜12,能見台6-19-2
金沢土木事務所,金沢区,街区公園,能見台清水ヶ入公園,ブランコ,,1,基,,6〜12,
金沢土木事務所,金沢区,街区公園,能見台清水ヶ入公園,砂場,,1,か所,,3〜6,
金沢土木事務所,金沢区,街区公園,能見台千丈公園,鋼製複合遊具,,1,基,公園下段,3〜12,能見台3-31-1
金沢土木事務所,金沢区,街区公園,能見台瀧公園,ブランコ,,1,基,,6〜12,能見台5-29-1
金沢土木事務所,金沢区,街区公園,能見台瀧公園,鋼製複合遊具,,1,基,,3〜12,
金沢土木事務所,金沢区,街区公園,能見台瀧公園,砂場,,1,か所,,3〜6,
金沢土木事務所,金沢区,街区公園,能見台瀧公園,鉄棒,,1,基,,6〜12,
金沢土木事務所,金沢区,街区公園,能見台野地久保公園,鋼製複合遊具,,1,基,,6〜12,能見台2-8-6
金沢土木事務所,金沢区,街区公園,能見台野地久保公園,砂場,,1,か所,,3〜6,
金沢土木事務所,金沢区,街区公園,能見台野地久保公園,鉄棒,,1,基,,6〜12,
金沢土木事務所,金沢区,街区公園,能見台平原公園,コンクリート遊具,人研ぎすべり台,1,か所,,3〜12,能見台3-12-1
金沢土木事務所,金沢区,街区公園,能見台平原公園,ブランコ,,1,基,,6〜12,
金沢土木事務所,金沢区,街区公園,能見台平原公園,砂場,,1,か所,,3〜6,
金沢土木事務所,金沢区,街区公園,能見台平原公園,鉄棒,,1,基,,6〜12,
金沢土木事務所,金沢区,街区公園,白山道公園,すべり台,,1,基,,,釜利谷南2-27
金沢土木事務所,金沢区,街区公園,白山道公園,ブランコ,,1,基,,,
金沢土木事務所,金沢区,街区公園,白山道公園,砂場,,1,か所,,3〜6,
金沢土木事務所,金沢区,街区公園,白山道第二公園,ブランコ,,1,基,,6〜12,釜利谷南2-23
金沢土木事務所,金沢区,街区公園,白山道第二公園,鉄棒,,1,基,,6〜12,
金沢土木事務所,金沢区,街区公園,白山道六郎ヶ谷公園,鉄棒,,1,基,,,釜利谷南1-5
金沢土木事務所,金沢区,街区公園,走川公園,ブランコ,,1,基,,6〜12,泥亀2-8
金沢土木事務所,金沢区,街区公園,走川公園,鋼製複合遊具,ギザッ葉,1,基,,3〜12,
金沢土木事務所,金沢区,街区公園,走川公園,砂場,,1,か所,,3〜6,
金沢土木事務所,金沢区,街区公園,八景公園,ブランコ,,1,基,,,柳町1-10
金沢土木事務所,金沢区,街区公園,八景公園,鋼製複合遊具,ホエールオーシャン,1,基,,,
金沢土木事務所,金沢区,街区公園,八景公園,砂場,,1,か所,,3〜6,
金沢土木事務所,金沢区,街区公園,八景公園,鉄棒,,1,基,,,
金沢土木事務所,金沢区,街区公園,八景西公園,スプリング遊具,アヒル,1,基,,3〜6,大川7
金沢土木事務所,金沢区,街区公園,八景西公園,スプリング遊具,イルカ,1,基,,3〜6,
金沢土木事務所,金沢区,街区公園,八景西公園,スプリング遊具,カエル,1,基,,3〜6,
金沢土木事務所,金沢区,街区公園,八景西公園,スプリング遊具,クジラ,1,基,,3〜6,
金沢土木事務所,金沢区,街区公園,八景西公園,スプリング遊具,ペリカン,1,基,,3〜6,
金沢土木事務所,金沢区,街区公園,八景西公園,ブランコ,,1,基,,6〜12,
金沢土木事務所,金沢区,街区公園,八景西公園,鋼製複合遊具,,1,基,,3〜12,
金沢土木事務所,金沢区,街区公園,八景西公園,砂場,,1,か所,,3〜6,
金沢土木事務所,金沢区,街区公園,八景西公園,鉄棒,,1,基,,6〜12,
金沢土木事務所,金沢区,街区公園,はなむしろ公園,すべり台,,1,基,,6〜12,釜利谷西5-16
金沢土木事務所,金沢区,街区公園,はなむしろ公園,その他遊具,マリポン(大),1,基,,,
金沢土木事務所,金沢区,街区公園,はなむしろ公園,その他遊具,マリポン(中),1,基,,,
金沢土木事務所,金沢区,街区公園,はなむしろ公園,ブランコ,,1,基,,,
金沢土木事務所,金沢区,街区公園,はなむしろ公園,砂場,,1,か所,,,
金沢土木事務所,金沢区,街区公園,はなむしろ公園,鉄棒,,1,基,,,
金沢土木事務所,金沢区,街区公園,東朝比奈三丁目公園,すべり台,,1,基,,,東朝比奈3-15
金沢土木事務所,金沢区,街区公園,東朝比奈三丁目公園,ブランコ,児童用２連,1,基,,,
金沢土木事務所,金沢区,街区公園,東朝比奈三丁目公園,砂場,,1,か所,,3〜6,
金沢土木事務所,金沢区,街区公園,東朝比奈地蔵前公園,スプリング遊具,バギー,1,基,,3〜6,東朝比奈3-2
金沢土木事務所,金沢区,街区公園,東朝比奈地蔵前公園,スプリング遊具,ブルドーザー,1,基,,3〜6,
金沢土木事務所,金沢区,街区公園,東朝比奈地蔵前公園,ブランコ,,1,基,,6〜12,
金沢土木事務所,金沢区,街区公園,東朝比奈地蔵前公園,鋼製複合遊具,,1,基,,3〜12,
金沢土木事務所,金沢区,街区公園,東朝比奈地蔵前公園,砂場,,1,か所,,3〜6,
金沢土木事務所,金沢区,街区公園,東朝比奈地蔵前公園,鉄棒,,1,基,,6〜12,
金沢土木事務所,金沢区,街区公園,東富岡公園,スプリング遊具,ウマ,1,基,,3〜6,富岡東6-30
金沢土木事務所,金沢区,街区公園,東富岡公園,スプリング遊具,トリ,1,基,,3〜6,
金沢土木事務所,金沢区,街区公園,東富岡公園,ブランコ,,1,基,,6〜12,
金沢土木事務所,金沢区,街区公園,東富岡公園,砂場,,1,基,,,
金沢土木事務所,金沢区,街区公園,東富岡公園,鉄棒,,1,基,,6〜12,
金沢土木事務所,金沢区,街区公園,東浜公園,クライム遊具,アーチクライマー,1,基,,6〜12,並木1-4
金沢土木事務所,金沢区,街区公園,東浜公園,すべり台,,1,基,,,
金沢土木事務所,金沢区,街区公園,東浜公園,砂場,,1,か所,,3〜6,
金沢土木事務所,金沢区,街区公園,東浜公園,鉄棒,,1,基,,6〜12,
金沢土木事務所,金沢区,街区公園,姫の島公園,ブランコ,,1,基,,6〜12,泥亀1-26
金沢土木事務所,金沢区,街区公園,姫の島公園,鋼製複合遊具,,1,基,,3〜12,
金沢土木事務所,金沢区,街区公園,姫の島公園,砂場,,1,か所,,3〜6,
金沢土木事務所,金沢区,街区公園,平潟公園,スウィング遊具,幼児用遊具シロクマ・イルカ,1,基,,,平潟町16
金沢土木事務所,金沢区,街区公園,平潟公園,スウィング遊具,幼児用遊具船,1,基,,,
金沢土木事務所,金沢区,街区公園,平潟公園,すべり台,,1,基,,,
金沢土木事務所,金沢区,街区公園,平潟公園,ブランコ,,1,基,,,
金沢土木事務所,金沢区,街区公園,平潟公園,健康遊具,ぶらさがり,1,基,,,
金沢土木事務所,金沢区,街区公園,平潟公園,健康遊具,腰ひねり,1,基,,,
金沢土木事務所,金沢区,街区公園,平潟公園,健康遊具,背のばしベンチ,1,基,,,
金沢土木事務所,金沢区,街区公園,平潟公園,砂場,砂場テーブル,1,基,,,
金沢土木事務所,金沢区,街区公園,平潟公園,鉄棒,,1,基,,,
金沢土木事務所,金沢区,街区公園,方丈公園,すべり台,,1,基,,3〜6,釜利谷西6-17
金沢土木事務所,金沢区,街区公園,方丈公園,ブランコ,,1,基,,6〜12,
金沢土木事務所,金沢区,街区公園,方丈公園,鉄棒,,1,基,,3〜12,
金沢土木事務所,金沢区,街区公園,干網公園,ブランコ,,1,基,,6〜12,並木2-9
金沢土木事務所,金沢区,街区公園,干網公園,鋼製複合遊具,,1,基,,3〜12,
金沢土木事務所,金沢区,街区公園,干網公園,砂場,,1,か所,,3〜6,
金沢土木事務所,金沢区,街区公園,干網公園,鉄棒,,1,基,,6〜12,
金沢土木事務所,金沢区,街区公園,堀口公園,スプリング遊具　クジラ,,1,基,,,堀口18
金沢土木事務所,金沢区,街区公園,堀口公園,スプリング遊具　ポニー,,1,基,,,
金沢土木事務所,金沢区,街区公園,堀口公園,すべり台,,1,基,,,
金沢土木事務所,金沢区,街区公園,堀口公園,ブランコ,,1,基,,,
金沢土木事務所,金沢区,街区公園,堀口公園,健康遊具　ぶらさがり,,1,基,,,
金沢土木事務所,金沢区,街区公園,堀口公園,健康遊具　背伸ばしベンチ,,1,基,,,
金沢土木事務所,金沢区,街区公園,堀口公園,砂場,,1,か所,,3〜6,
金沢土木事務所,金沢区,街区公園,堀口公園,鉄棒,,1,基,,,
金沢土木事務所,金沢区,街区公園,堀口第三公園,スプリング遊具　ブルドーザー,,1,基,,,堀口19
金沢土木事務所,金沢区,街区公園,堀口第三公園,スプリング遊具　ポニー,,1,基,,,
金沢土木事務所,金沢区,街区公園,堀口第三公園,すべり台,ロング、ステンレスパイプ型,1,基,,3〜12,
金沢土木事務所,金沢区,街区公園,堀口第三公園,砂場,,1,か所,,3〜6,
金沢土木事務所,金沢区,街区公園,マサキの鼻公園,ブランコ,,1,基,,6〜12,柴町380
金沢土木事務所,金沢区,街区公園,マサキの鼻公園,鋼製複合遊具,,1,基,,3〜12,
金沢土木事務所,金沢区,街区公園,マサキの鼻公園,砂場,,1,か所,,3〜6,
金沢土木事務所,金沢区,街区公園,南川公園,すべり台,,1,基,,,六浦南2-19
金沢土木事務所,金沢区,街区公園,南川公園,ブランコ,,1,基,,,
金沢土木事務所,金沢区,街区公園,南川公園,鉄棒,,1,基,,,
金沢土木事務所,金沢区,街区公園,南川第二公園,ブランコ,,1,基,,,六浦南2-38
金沢土木事務所,金沢区,街区公園,南川第二公園,鋼製複合遊具,,1,基,,,
金沢土木事務所,金沢区,街区公園,南川第二公園,鉄棒,,1,基,,6〜12,
金沢土木事務所,金沢区,街区公園,南丸公園,スプリング遊具,ゾウ,1,基,,3〜6,釜利谷西6-31
金沢土木事務所,金沢区,街区公園,南丸公園,ブランコ,,1,基,,6〜12,
金沢土木事務所,金沢区,街区公園,南丸公園,健康遊具,ぶらさがりバー,1,基,,,
金沢土木事務所,金沢区,街区公園,南丸公園,健康遊具,背伸ばしベンチ,1,基,,,
金沢土木事務所,金沢区,街区公園,南丸公園,健康遊具,腹筋ベンチ,1,基,,,
金沢土木事務所,金沢区,街区公園,南丸公園,鋼製複合遊具,,1,基,,3〜12,
金沢土木事務所,金沢区,街区公園,南丸公園,砂場,,1,か所,,3〜6,
金沢土木事務所,金沢区,街区公園,宮ノ前公園,ジャングルジム,,1,基,,6〜12,並木1-15
金沢土木事務所,金沢区,街区公園,宮ノ前公園,砂場,,1,か所,,3〜6,
金沢土木事務所,金沢区,街区公園,宮ノ前公園,鉄棒,,1,基,,6〜12,
金沢土木事務所,金沢区,街区公園,六浦二丁目第一公園,砂場,,1,か所,,3〜6,六浦2-8
金沢土木事務所,金沢区,街区公園,六浦二丁目第一公園,鉄棒,,1,基,,,
金沢土木事務所,金沢区,街区公園,六浦二丁目第二公園,すべり台,,1,基,,6〜12,六浦2-7
金沢土木事務所,金沢区,街区公園,六浦二丁目第二公園,ブランコ,,1,基,,,
金沢土木事務所,金沢区,街区公園,六浦二丁目第二公園,砂場,,1,か所,,3〜6,
金沢土木事務所,金沢区,街区公園,六浦二丁目第三公園,すべり台,,1,基,,,
金沢土木事務所,金沢区,街区公園,六浦二丁目第三公園,ブランコ,,1,基,,,
金沢土木事務所,金沢区,街区公園,六浦二丁目第三公園,砂場,,1,か所,,3〜6,
金沢土木事務所,金沢区,街区公園,六浦二丁目第三公園,鉄棒,,1,基,,,
金沢土木事務所,金沢区,街区公園,六浦あさがお公園,鋼製複合遊具,,1,基,,3〜12,六浦南5-11
金沢土木事務所,金沢区,街区公園,六浦あさがお公園,砂場,,1,か所,,3〜6,
金沢土木事務所,金沢区,街区公園,六浦あさがお公園,鉄棒,,1,基,,6〜12,
金沢土木事務所,金沢区,街区公園,六浦あざみ公園,すべり台,,1,基,,,六浦南3-26
金沢土木事務所,金沢区,街区公園,六浦あざみ公園,ブランコ,,1,基,,,
金沢土木事務所,金沢区,街区公園,六浦あざみ公園,砂場,,1,か所,,3〜6,
金沢土木事務所,金沢区,街区公園,六浦公園,すべり台,小型,1,基,,3〜6,六浦4-5
金沢土木事務所,金沢区,街区公園,六浦公園,ブランコ,,1,基,,6〜12,
金沢土木事務所,金沢区,街区公園,六浦公園,プレイスカルプチュア,トラステップ,1,基,,3〜6,
金沢土木事務所,金沢区,街区公園,六浦公園,プレイスカルプチュア,ライオンステップ,1,基,,3〜6,
金沢土木事務所,金沢区,街区公園,六浦公園,鋼製複合遊具,アポロ,1,基,,3〜12,
金沢土木事務所,金沢区,街区公園,六浦公園,砂場,,1,基,,3〜6,
金沢土木事務所,金沢区,街区公園,六浦公園,鉄棒,,1,基,,6〜12,
金沢土木事務所,金沢区,街区公園,六浦三艘第一公園,健康遊具,ツイスト,1,基,,,六浦南2-15
金沢土木事務所,金沢区,街区公園,六浦三艘第一公園,健康遊具,リング懸垂,1,基,,,
金沢土木事務所,金沢区,街区公園,六浦三艘第一公園,健康遊具,上体反らし,1,基,,,
金沢土木事務所,金沢区,街区公園,六浦三艘第一公園,鋼製複合遊具,コンテスター,1,基,,6〜12,
金沢土木事務所,金沢区,街区公園,六浦三艘第一公園,砂場,,1,か所,,3〜6,
金沢土木事務所,金沢区,街区公園,六浦三艘第一公園,鉄棒,,1,基,,6〜12,
金沢土木事務所,金沢区,街区公園,六浦三艘第二公園,ブランコ,,1,基,,,六浦南3-3
金沢土木事務所,金沢区,街区公園,六浦三艘第二公園,鋼製複合遊具,プレイスナイパー,1,基,,,
金沢土木事務所,金沢区,街区公園,六浦三艘第二公園,砂場,,1,か所,,,
金沢土木事務所,金沢区,街区公園,六浦三艘第二公園,鉄棒,,1,基,,,
金沢土木事務所,金沢区,街区公園,六浦白梅公園,ブランコ,,1,基,,6〜12,六浦5-10
金沢土木事務所,金沢区,街区公園,六浦白梅公園,鋼製複合遊具,,1,基,,3〜12,
金沢土木事務所,金沢区,街区公園,六浦白梅公園,砂場,,1,か所,,3〜6,
金沢土木事務所,金沢区,街区公園,六浦瀬ケ崎公園,スプリング遊具,オートバイ,1,基,,3〜6,六浦東1-25
金沢土木事務所,金沢区,街区公園,六浦瀬ケ崎公園,スプリング遊具,レーシングカー,1,基,,3〜6,
金沢土木事務所,金沢区,街区公園,六浦瀬ケ崎公園,すべり台,,1,基,,,
金沢土木事務所,金沢区,街区公園,六浦瀬ケ崎公園,ブランコ,,1,基,,,
金沢土木事務所,金沢区,街区公園,六浦瀬ケ崎公園,鋼製複合遊具,ギザッ葉,1,基,,3〜12,
金沢土木事務所,金沢区,街区公園,六浦瀬ケ崎公園,砂場,,1,か所,,3〜6,
金沢土木事務所,金沢区,街区公園,六浦瀬ケ崎第二公園,鋼製複合遊具,,1,基,,6〜12,六浦東1-33
金沢土木事務所,金沢区,街区公園,六浦瀬ケ崎第二公園,砂場,,1,か所,,3〜6,
金沢土木事務所,金沢区,街区公園,六浦第二公園,ブランコ,,1,基,,3〜6,六浦3-11
金沢土木事務所,金沢区,街区公園,六浦第二公園,鋼製複合遊具,,1,基,,6〜12,
金沢土木事務所,金沢区,街区公園,六浦第四公園,すべり台,,1,基,,6〜12,六浦3-41
金沢土木事務所,金沢区,街区公園,六浦第四公園,ブランコ,,1,基,,3〜12,
金沢土木事務所,金沢区,街区公園,六浦第四公園,砂場,,1,基,,3〜6,
金沢土木事務所,金沢区,街区公園,六浦第四公園,鉄棒,,1,基,,6〜12,
金沢土木事務所,金沢区,街区公園,六浦第五公園,鋼製複合遊具,,1,基,,3〜12,六浦3-6
金沢土木事務所,金沢区,街区公園,六浦第六公園,ブランコ,,1,基,,,六浦2-10
金沢土木事務所,金沢区,街区公園,六浦第六公園,砂場,,1,か所,,3〜6,
金沢土木事務所,金沢区,街区公園,六浦第六公園,鉄棒,,1,基,,,
金沢土木事務所,金沢区,街区公園,六浦第七公園,すべり台,幼児用ワニ,1,基,,3〜6,六浦3-15
金沢土木事務所,金沢区,街区公園,六浦第七公園,砂場,,1,か所,,3〜6,
金沢土木事務所,金沢区,街区公園,六浦西第一公園,スプリング遊具,イヌ,1,基,,3〜6,東朝比奈3-19
金沢土木事務所,金沢区,街区公園,六浦西第一公園,スプリング遊具,ウマ,1,基,,3〜6,
金沢土木事務所,金沢区,街区公園,六浦西第一公園,すべり台,幼児用、プレイビルダー(PBP-003),1,基,,3〜6,
金沢土木事務所,金沢区,街区公園,六浦西第一公園,ブランコ,,1,基,,3〜6,
金沢土木事務所,金沢区,街区公園,六浦西第一公園,砂場,,1,か所,,3〜6,
金沢土木事務所,金沢区,街区公園,六浦西第一公園,砂場テーブル,,1,基,,3〜6,
金沢土木事務所,金沢区,街区公園,六浦西第二公園,スプリング遊具,ウマ,1,基,,3〜6,東朝比奈2-19
金沢土木事務所,金沢区,街区公園,六浦西第二公園,スプリング遊具,ニワトリ,1,基,,3〜6,
金沢土木事務所,金沢区,街区公園,六浦西第二公園,すべり台,,1,基,,6〜12,
金沢土木事務所,金沢区,街区公園,六浦西第二公園,ブランコ,,1,基,,6〜12,
金沢土木事務所,金沢区,街区公園,六浦西第二公園,砂場,,1,か所,,3〜6,
金沢土木事務所,金沢区,街区公園,六浦西第三公園,すべり台,,1,基,,6〜12,東朝比奈2-15
金沢土木事務所,金沢区,街区公園,六浦西第三公園,ブランコ,,1,基,,6〜12,
金沢土木事務所,金沢区,街区公園,六浦西第三公園,砂場,,1,か所,,3〜6,
金沢土木事務所,金沢区,街区公園,六浦西第四公園,すべり台,,1,基,,6〜12,東朝比奈1-37
金沢土木事務所,金沢区,街区公園,六浦西第五公園,鋼製複合遊具,ネイチャービルダー,1,基,,3〜12,六浦5-42
金沢土木事務所,金沢区,街区公園,六浦西第五公園,砂場,,1,か所,,3〜6,
金沢土木事務所,金沢区,街区公園,六浦西第六公園,すべり台,,1,基,,,六浦5-30
金沢土木事務所,金沢区,街区公園,六浦西第六公園,ブランコ,,1,基,,,
金沢土木事務所,金沢区,街区公園,六浦西第六公園,砂場,,1,か所,,3〜6,
金沢土木事務所,金沢区,街区公園,六浦ひなぎく公園,すべり台,,1,基,,6〜12,六浦南3-9
金沢土木事務所,金沢区,街区公園,六浦ひなぎく公園,ブランコ,,1,基,,6〜12,
金沢土木事務所,金沢区,街区公園,六浦ひなぎく公園,砂場,,1,か所,,3〜6,
金沢土木事務所,金沢区,街区公園,六浦ひまわり公園,鋼製複合遊具,,1,基,金沢区,,六浦南3-27
金沢土木事務所,金沢区,街区公園,六浦ひまわり公園,鋼製複合遊具,うんてい,1,基,,6〜12,
金沢土木事務所,金沢区,街区公園,六浦ひまわり公園,砂場,,1,か所,,3〜6,
金沢土木事務所,金沢区,街区公園,六浦ひまわり公園,鉄棒,,1,基,,,
金沢土木事務所,金沢区,街区公園,六浦南公園,ブランコ,,1,基,,,六浦南2-4
金沢土木事務所,金沢区,街区公園,六浦南公園,鋼製複合遊具,,1,基,,,
金沢土木事務所,金沢区,街区公園,六浦南公園,砂場,,1,か所,,3〜6,
金沢土木事務所,金沢区,街区公園,六浦南公園,鉄棒,,1,基,,,
金沢土木事務所,金沢区,街区公園,六浦谷戸田公園,スプリング遊具,クジラ,1,基,,3〜6,東朝比奈1-59
金沢土木事務所,金沢区,街区公園,六浦谷戸田公園,スプリング遊具,ポニー,1,基,,3〜6,
金沢土木事務所,金沢区,街区公園,六浦谷戸田公園,鋼製複合遊具,ランドチャレンジャー,1,基,,3〜12,
金沢土木事務所,金沢区,街区公園,谷津公園,すべり台,,1,基,,3〜12,谷津町362
金沢土木事務所,金沢区,街区公園,谷津公園,ブランコ,,1,基,,6〜12,
金沢土木事務所,金沢区,街区公園,谷津公園,砂場,,1,か所,,3〜6,
金沢土木事務所,金沢区,街区公園,谷津公園,鉄棒,,1,基,,6〜12,
金沢土木事務所,金沢区,街区公園,谷津坂第一公園,シーソー,弓形シーソー,1,基,,6〜12,能見台通15
金沢土木事務所,金沢区,街区公園,谷津坂第一公園,スプリング遊具,ポニー,1,基,,3〜6,
金沢土木事務所,金沢区,街区公園,谷津坂第一公園,スプリング遊具,ポニー,1,基,,3〜6,
金沢土木事務所,金沢区,街区公園,谷津坂第一公園,すべり台,,1,基,,,
金沢土木事務所,金沢区,街区公園,谷津坂第一公園,ブランコ,,1,基,,6〜12,
金沢土木事務所,金沢区,街区公園,谷津坂第一公園,健康遊具,背伸ばしベンチ,1,基,,,
金沢土木事務所,金沢区,街区公園,谷津坂第一公園,健康遊具,腹筋ベンチ,1,基,,,
金沢土木事務所,金沢区,街区公園,谷津坂第一公園,砂場,,1,か所,,3〜6,
金沢土木事務所,金沢区,街区公園,谷津坂第一公園,鉄棒,,1,基,,,
金沢土木事務所,金沢区,街区公園,谷津坂第二公園,ジャングルジム,,1,基,,,能見台通36
金沢土木事務所,金沢区,街区公園,谷津坂第二公園,すべり台,,1,基,,,
金沢土木事務所,金沢区,街区公園,谷津坂第二公園,ブランコ,,1,基,,,
金沢土木事務所,金沢区,街区公園,谷津坂第二公園,健康遊具,ぶら下がり,1,基,,,
金沢土木事務所,金沢区,街区公園,谷津坂第二公園,健康遊具,背伸ばしベンチ,2,基,,,
金沢土木事務所,金沢区,街区公園,谷津坂第二公園,砂場,コンクリート縁石,1,か所,,3〜6,
金沢土木事務所,金沢区,街区公園,谷津坂第二公園,鉄棒,,1,基,,,
金沢土木事務所,金沢区,街区公園,谷津坂第三公園,スプリング遊具,ウサギ,1,基,,3〜6,能見台通47
金沢土木事務所,金沢区,街区公園,谷津坂第三公園,スプリング遊具,カメ,1,基,,3〜6,
金沢土木事務所,金沢区,街区公園,谷津坂第三公園,その他遊具,ままごとテーブル,2,組,,3〜6,
金沢土木事務所,金沢区,街区公園,谷津坂第三公園,ブランコ,小ブランコ、おひさまスウィング右,1,基,,3〜6,
金沢土木事務所,金沢区,街区公園,谷津坂第三公園,ブランコ,小ブランコ、おひさまスウィング左,1,基,,3〜6,
金沢土木事務所,金沢区,街区公園,谷津坂第三公園,鋼製複合遊具,チビッコのおうち,1,基,,3〜12,
金沢土木事務所,金沢区,街区公園,谷津坂第三公園,砂場,縁石洗い出し仕上げ,1,か所,,3〜6,
金沢土木事務所,金沢区,街区公園,谷津坂南公園,バスケットゴール,リングネット,1,基,,6〜12,堀口23
金沢土木事務所,金沢区,街区公園,谷津坂南公園,ブランコ,,1,基,,6〜12,
金沢土木事務所,金沢区,街区公園,谷津坂南公園,健康遊具,ぶら下がり,1,基,,,
金沢土木事務所,金沢区,街区公園,谷津坂南公園,健康遊具,足つぼ健康遊具,1,基,,6〜12,
金沢土木事務所,金沢区,街区公園,谷津坂南公園,健康遊具,背伸ばしベンチ,1,基,,,
金沢土木事務所,金沢区,街区公園,谷津坂南公園,健康遊具,背伸ばし型,1,基,,,
金沢土木事務所,金沢区,街区公園,谷津坂南公園,鋼製複合遊具,,1,基,,3〜12,
金沢土木事務所,金沢区,街区公園,谷津坂南公園,砂場,,1,か所,,3〜6,
金沢土木事務所,金沢区,街区公園,谷津染井公園,スウィング遊具,アシカ,1,基,,3〜6,谷津町231-6
金沢土木事務所,金沢区,街区公園,谷津染井公園,スウィング遊具,ラッコ,1,基,,3〜6,
金沢土木事務所,金沢区,街区公園,谷津染井公園,すべり台,幼児用すべり台,1,基,,3〜6,
金沢土木事務所,金沢区,街区公園,谷津染井公園,ブランコ,,1,基,,6〜12,
金沢土木事務所,金沢区,街区公園,谷津染井公園,砂場,コンクリート縁石,1,か所,,3〜6,
金沢土木事務所,金沢区,街区公園,谷津染井公園,鉄棒,,1,基,,6〜12,
金沢土木事務所,金沢区,街区公園,柳町公園,スプリング遊具,ウマ,1,基,,3〜6,柳町19-3
金沢土木事務所,金沢区,街区公園,柳町公園,スプリング遊具,オートバイ,1,基,,3〜6,
金沢土木事務所,金沢区,街区公園,柳町公園,その他遊具,こね台,1,基,,3〜6,
金沢土木事務所,金沢区,街区公園,柳町公園,鋼製複合遊具,,1,基,,6〜12,
金沢土木事務所,金沢区,街区公園,柳町公園,砂場,,1,か所,,3〜6,
金沢土木事務所,金沢区,近隣公園,阿王ケ台公園,すべり台,,1,基,,3〜12,能見台6-9-1
金沢土木事務所,金沢区,近隣公園,阿王ケ台公園,ブランコ,,1,基,,6〜12,
金沢土木事務所,金沢区,近隣公園,阿王ケ台公園,鋼製複合遊具,,1,基,,6〜12,
金沢土木事務所,金沢区,近隣公園,阿王ケ台公園,砂場,,1,か所,遊戯コーナー,3〜6,
金沢土木事務所,金沢区,近隣公園,阿王ケ台公園,鉄棒,,1,基,,6〜12,
金沢土木事務所,金沢区,近隣公園,釜利谷南公園,その他遊具,壁打ちボード,1,基,,,釜利谷南2-6
金沢土木事務所,金沢区,近隣公園,釜利谷南公園,バスケットゴール,,1,基,,,
金沢土木事務所,金沢区,近隣公園,草舞台公園,スプリング遊具,クジラ,1,基,遊具広場,3〜6,釜利谷西5-29
金沢土木事務所,金沢区,近隣公園,草舞台公園,スプリング遊具,ポニー,1,基,遊具広場,3〜6,
金沢土木事務所,金沢区,近隣公園,草舞台公園,ブランコ,,1,基,遊具広場,6〜12,
金沢土木事務所,金沢区,近隣公園,草舞台公園,健康遊具,背伸ばしベンチ,1,基,ダスト広場西側園路,,
金沢土木事務所,金沢区,近隣公園,草舞台公園,健康遊具,腹筋ベンチ,1,基,ダスト広場西側園路,,
金沢土木事務所,金沢区,近隣公園,草舞台公園,鋼製複合遊具,,1,基,遊具広場,3〜12,
金沢土木事務所,金沢区,近隣公園,草舞台公園,砂場,,1,基,遊具広場,3〜6,
金沢土木事務所,金沢区,近隣公園,富岡公園,コンクリート製複合遊具,すべり台,1,基,東エリア,3〜12,富岡西1-46
金沢土木事務所,金沢区,近隣公園,富岡公園,ブランコ,,1,基,,6〜12,
金沢土木事務所,金沢区,近隣公園,富岡公園,鋼製複合遊具,,1,基,東エリア:遊具広場,3〜12,
金沢土木事務所,金沢区,近隣公園,富岡公園,砂場,,1,基,西エリア:遊具広場,3〜6,
金沢土木事務所,金沢区,近隣公園,富岡公園,砂場,,1,基,東エリア:コンクリート遊具下,3〜6,
金沢土木事務所,金沢区,近隣公園,富岡公園,鉄棒,,1,基,,6〜12,
金沢土木事務所,金沢区,近隣公園,能見台北公園,コンクリート遊具,すべり台,1,基,遊戯広場,3〜12,能見台1-42-1
金沢土木事務所,金沢区,近隣公園,能見台北公園,ブランコ,,1,基,,6〜12,
金沢土木事務所,金沢区,近隣公園,能見台北公園,砂場,,1,か所,遊戯広場,3〜6,
金沢土木事務所,金沢区,近隣公園,能見台中央公園,コンクリート遊具,すべり台,1,基,遊戯広場,6〜12,能見台3-50-1
金沢土木事務所,金沢区,近隣公園,能見台中央公園,ブランコ,,1,基,,6〜12,
金沢土木事務所,金沢区,近隣公園,能見台中央公園,健康遊具,うであげアーチ,1,基,遊戯広場,,
金沢土木事務所,金沢区,近隣公園,能見台中央公園,健康遊具,ふみいたストレッチ,1,基,遊戯広場,,
金沢土木事務所,金沢区,近隣公園,能見台中央公園,健康遊具,ぶらぶらストレッチ,1,基,遊戯広場,,
金沢土木事務所,金沢区,近隣公園,能見台中央公園,健康遊具,ツイストチェアー,1,基,遊戯広場,,
金沢土木事務所,金沢区,近隣公園,能見台中央公園,健康遊具,ラダー,1,基,遊戯広場,,
金沢土木事務所,金沢区,近隣公園,能見台中央公園,健康遊具,上体そらし,1,基,遊戯広場,,
金沢土木事務所,金沢区,近隣公園,能見台中央公園,健康遊具,足上げストレッチ,1,基,遊戯広場,,
金沢土木事務所,金沢区,近隣公園,能見台中央公園,砂場,人研ぎ仕上げ,1,か所,遊戯広場,3〜6,
金沢土木事務所,金沢区,近隣公園,能見台中央公園,鉄棒,,1,基,遊戯広場,6〜12,
金沢土木事務所,金沢区,近隣公園,能見台東公園,ブランコ,,1,基,南エリア:遊具広場,6〜12,能見台5-11-1
金沢土木事務所,金沢区,近隣公園,能見台東公園,砂場,,1,基,南エリア:遊具広場,3〜6,
金沢土木事務所,金沢区,近隣公園,能見台東公園,鉄棒,,1,基,南エリア:遊具広場,6〜12,
金沢土木事務所,金沢区,近隣公園,能見台堀口北公園,スプリング遊具　クジラ,,1,,,,能見台東6
金沢土木事務所,金沢区,近隣公園,能見台堀口北公園,スプリング遊具　ポニー,,1,基,,,
金沢土木事務所,金沢区,近隣公園,能見台堀口北公園,すべり台,,1,基,西側ダスト広場,6〜12,
金沢土木事務所,金沢区,近隣公園,能見台堀口北公園,ブランコ,,1,基,,,
金沢土木事務所,金沢区,近隣公園,能見台堀口北公園,鋼製複合遊具,,1,基,,,
金沢土木事務所,金沢区,近隣公園,能見台堀口北公園,砂場,,1,基,西側ダスト広場,3〜6,
金沢土木事務所,金沢区,近隣公園,能見台堀口北公園,鉄棒,,1,基,,,
金沢土木事務所,金沢区,近隣公園,白山道奥公園,すべり台,,1,基,遊具広場,3〜6,釜利谷南2-58
金沢土木事務所,金沢区,近隣公園,白山道奥公園,ブランコ,,1,基,遊具広場,6〜12,
金沢土木事務所,金沢区,近隣公園,堀口西公園,すべり台,,1,基,ダスト広場,3〜12,能見台東9
金沢土木事務所,金沢区,近隣公園,堀口西公園,鋼製複合遊具,,1,基,ダスト広場,3〜12,
金沢土木事務所,金沢区,近隣公園,まつかぜ公園,すべり台,,1,基,,,寺前2-27
金沢土木事務所,金沢区,近隣公園,まつかぜ公園,ブランコ,,1,基,南エリア:遊具広場,6〜12,
金沢土木事務所,金沢区,近隣公園,まつかぜ公園,健康遊具,ツイスト、鋼製,1,基,南エリア:遊具広場,,
金沢土木事務所,金沢区,近隣公園,まつかぜ公園,健康遊具,腹筋ベンチ,1,基,南エリア:遊具広場,,
金沢土木事務所,金沢区,近隣公園,まつかぜ公園,鋼製複合遊具,,1,基,南エリア:遊具広場,6〜12,
金沢土木事務所,金沢区,近隣公園,まつかぜ公園,鉄棒,,1,基,南エリア:遊具広場,6〜12,
金沢土木事務所,金沢区,近隣公園,六浦大道公園,すべり台,児童用,1,基,,6〜12,東朝比奈1-26
金沢土木事務所,金沢区,近隣公園,六浦大道公園,ブランコ,,1,基,,,
金沢土木事務所,金沢区,近隣公園,六浦大道公園,砂場,,1,か所,遊戯広場,3〜6,
金沢土木事務所,金沢区,地区公園,富岡八幡公園,スプリング遊具,かめ,1,基,遊具広場エリア:真ん中,3〜6,富岡東4-12
金沢土木事務所,金沢区,地区公園,富岡八幡公園,スプリング遊具,ザギー,1,基,遊具広場エリア:道路側,3〜6,
金沢土木事務所,金沢区,地区公園,富岡八幡公園,スプリング遊具,ジギー,1,基,遊具広場エリア:水飲み側,3〜6,
金沢土木事務所,金沢区,地区公園,富岡八幡公園,鋼製複合遊具,クルーザー,1,基,遊具広場エリア,3〜12,
金沢土木事務所,金沢区,地区公園,富岡八幡公園,鋼製遊具,ミニスタジオ,1,基,遊具広場エリア,3〜6,
金沢土木事務所,金沢区,都市緑地,富岡並木ふなだまり公園,スプリング遊具,カメ,1,基,半島部:小広場,3〜6,富岡東4-13
金沢土木事務所,金沢区,都市緑地,富岡並木ふなだまり公園,スプリング遊具,ザギー,1,基,半島部:小広場,3〜6,
金沢土木事務所,金沢区,都市緑地,富岡並木ふなだまり公園,健康遊具,昇降台,1,基,半島部:大広場,,
金沢土木事務所,金沢区,都市緑地,富岡並木ふなだまり公園,健康遊具,背伸ばしベンチ,2,基,半島部:大広場,,
金沢土木事務所,金沢区,都市緑地,富岡並木ふなだまり公園,鋼製遊具,ミニスタジオ,1,基,半島部:小広場,3〜6,
金沢土木事務所,金沢区,緑道,小柴埼緑道,ジャングルジム,,1,基,,6〜12,並木3-13
金沢土木事務所,金沢区,緑道,小柴埼緑道,すべり台,,1,基,,6〜12,
金沢土木事務所,金沢区,緑道,小柴埼緑道,ブランコ,,1,基,,6〜12,
金沢土木事務所,金沢区,緑道,小柴埼緑道,鉄棒,,1,基,,6〜12,
南部公園緑地事務所,金沢区,地区公園,富岡西公園,ブランコ,児童用2連,1,基,遊具広場,6〜12,富岡西6-3
南部公園緑地事務所,金沢区,地区公園,富岡西公園,鋼製複合遊具,,1,基,遊具広場,3〜6,
南部公園緑地事務所,金沢区,地区公園,富岡西公園,砂場,,1,基,遊具広場,,
南部公園緑地事務所,金沢区,総合公園,海の公園,バスケットゴール,A,1,基,なぎさ広場:柴口駅側,,海の公園10
南部公園緑地事務所,金沢区,総合公園,海の公園,バスケットゴール,B,1,基,なぎさ広場:展望広場脇柴口駅側,,
南部公園緑地事務所,金沢区,総合公園,海の公園,バスケットゴール,C,1,基,なぎさ広場:展望広場脇管理センター側,,
南部公園緑地事務所,金沢区,総合公園,海の公園,バスケットゴール,D,1,基,なぎさ広場:管理センター側,,
南部公園緑地事務所,金沢区,総合公園,海の公園,ブランコ,,1,基,金沢ポンプ場西側区域:遊具広場,,
南部公園緑地事務所,金沢区,総合公園,海の公園,健康遊具,健康歩道,1,基,芝生広場(柴の道〜中の道):中の道側,,
南部公園緑地事務所,金沢区,総合公園,海の公園,鋼製複合遊具,,1,基,金沢ポンプ場西側区域:遊具広場,,
南部公園緑地事務所,金沢区,総合公園,海の公園,砂場,人造石研ぎ出し,1,基,金沢ポンプ場西側区域:遊具広場,,
南部公園緑地事務所,金沢区,総合公園,海の公園,水遊場,,1,か所,なぎさ広場,,
南部公園緑地事務所,金沢区,総合公園,富岡総合公園,その他遊具,砂場テーブル(サイクリングロード脇),1,基,サイクリング道沿,1〜4,富岡東2-9
南部公園緑地事務所,金沢区,総合公園,富岡総合公園,ターザンロープ,(アスレチック広場),1,基,アスレチック広場,6〜12,
南部公園緑地事務所,金沢区,総合公園,富岡総合公園,ブランコ,BU-2(北台),1,基,北台遊び場,,
南部公園緑地事務所,金沢区,総合公園,富岡総合公園,プレイスカルプチュア,かめ(北台),1,基,北台遊び場,,
南部公園緑地事務所,金沢区,総合公園,富岡総合公園,プレイスカルプチュア,くま(北台）,1,基,北台遊び場,,
南部公園緑地事務所,金沢区,総合公園,富岡総合公園,鋼製複合遊具,(アスレチック広場),1,基,アスレチック広場,3〜12,
南部公園緑地事務所,金沢区,総合公園,富岡総合公園,鋼製複合遊具,,1,式,北台遊び場,6〜12,
南部公園緑地事務所,金沢区,総合公園,富岡総合公園,砂場,(サイクリングロード脇),1,基,サイクリング道沿,,
南部公園緑地事務所,金沢区,総合公園,富岡総合公園,砂場,(北台),1,基,北台遊び場,,
南部公園緑地事務所,金沢区,総合公園,野島公園,すべり台,,1,基,小公園,,野島町24
南部公園緑地事務所,金沢区,総合公園,野島公園,すべり台,,1,基,遊び場,3〜12,
南部公園緑地事務所,金沢区,総合公園,野島公園,ターザンロープ,,1,基,室の木,,
南部公園緑地事務所,金沢区,総合公園,野島公園,バスケットゴール,,1,基,遊び場,,
南部公園緑地事務所,金沢区,総合公園,野島公園,ブランコ,,1,基,遊び場,3〜6,
南部公園緑地事務所,金沢区,総合公園,野島公園,ブランコ,,1,基,小公園,,
南部公園緑地事務所,金沢区,総合公園,野島公園,ブランコ,,1,基,室の木,,
南部公園緑地事務所,金沢区,総合公園,野島公園,健康遊具,サイクル遊具,1,基,遊び場,,
南部公園緑地事務所,金沢区,総合公園,野島公園,健康遊具,ツイスト遊具,1,基,遊び場,,
南部公園緑地事務所,金沢区,総合公園,野島公園,健康遊具,懸垂平行棒遊具,1,基,遊び場,,
南部公園緑地事務所,金沢区,総合公園,野島公園,健康遊具,肩回旋遊具,1,基,遊び場,,
南部公園緑地事務所,金沢区,総合公園,野島公園,健康遊具,前屈遊具,1,基,遊び場,,
南部公園緑地事務所,金沢区,総合公園,野島公園,健康遊具,背伸ばしベンチ,1,基,遊び場,,
南部公園緑地事務所,金沢区,総合公園,野島公園,鋼製複合遊具,,1,基,室の木,,
南部公園緑地事務所,金沢区,総合公園,野島公園,鋼製複合遊具,,1,基,室の木,,
南部公園緑地事務所,金沢区,総合公園,野島公園,鋼製複合遊具,,1,基,遊び場（アスレチック広場）,6〜12,
南部公園緑地事務所,金沢区,総合公園,野島公園,砂場,,1,基,室の木,,
南部公園緑地事務所,金沢区,総合公園,野島公園,砂場,,1,基,遊び場,,
南部公園緑地事務所,金沢区,総合公園,野島公園,鉄棒,,1,基,遊び場,3〜12,
南部公園緑地事務所,金沢区,総合公園,野島公園,鉄棒,,1,基,室の木,,
南部公園緑地事務所,金沢区,運動公園,長浜公園,クライム遊具,スネイクジャングル,1,基,遊戯コーナー,3〜12,長浜106-6
南部公園緑地事務所,金沢区,運動公園,長浜公園,その他遊具,ラバーステップ,13,基,遊戯コーナー,3〜12,
南部公園緑地事務所,金沢区,運動公園,長浜公園,ブランコ,,1,基,遊戯コーナー,6〜12,
南部公園緑地事務所,金沢区,運動公園,長浜公園,健康遊具,アーチラダー,1,基,トリムコーナー,,
南部公園緑地事務所,金沢区,運動公園,長浜公園,健康遊具,アームトレーナー,1,基,トリムコーナー,,
南部公園緑地事務所,金沢区,運動公園,長浜公園,健康遊具,ツイストボード,1,基,トリムコーナー,,
南部公園緑地事務所,金沢区,運動公園,長浜公園,健康遊具,パラレルハンガー,1,基,トリムコーナー,,
南部公園緑地事務所,金沢区,運動公園,長浜公園,健康遊具,リングネット,1,基,トリムコーナー,,
南部公園緑地事務所,金沢区,運動公園,長浜公園,健康遊具,前屈台,1,基,トリムコーナー,,
南部公園緑地事務所,金沢区,運動公園,長浜公園,健康遊具,背のばしベンチA,1,基,トリムコーナー,,
南部公園緑地事務所,金沢区,運動公園,長浜公園,健康遊具,背のばしベンチB,1,基,トリムコーナー,,
南部公園緑地事務所,金沢区,運動公園,長浜公園,健康遊具,腹筋ベンチA,1,基,トリムコーナー,,
南部公園緑地事務所,金沢区,運動公園,長浜公園,健康遊具,腹筋ベンチB,1,基,トリムコーナー,,
南部公園緑地事務所,金沢区,運動公園,長浜公園,鋼製複合遊具,,1,基,中央広場,6〜12,
南部公園緑地事務所,金沢区,運動公園,長浜公園,鋼製複合遊具,,1,基,遊戯コーナー,6〜12,
南部公園緑地事務所,金沢区,運動公園,長浜公園,砂場,,1,基,テニスコート前,,
南部公園緑地事務所,金沢区,運動公園,長浜公園,砂場,,1,か所,遊戯コーナー,3〜6,
南部公園緑地事務所,金沢区,広域公園,金沢自然公園,クライム遊具,アーチラダー,1,基,自然公園(子ども広場),6〜12,釜利谷東5-15-1
南部公園緑地事務所,金沢区,広域公園,金沢自然公園,クライム遊具,ウッドクライム,1,基,自然公園(子ども広場),,
南部公園緑地事務所,金沢区,広域公園,金沢自然公園,クライム遊具,ネットクライム,1,基,自然公園(子ども広場),6〜12,
南部公園緑地事務所,金沢区,広域公園,金沢自然公園,クライム遊具,ネットクライム(方形),1,基,自然公園(子ども広場),6〜12,
南部公園緑地事務所,金沢区,広域公園,金沢自然公園,ジャングルジム,,1,基,自然公園(子ども広場),3〜12,
南部公園緑地事務所,金沢区,広域公園,金沢自然公園,すべり台,,1,基,,,
南部公園緑地事務所,金沢区,広域公園,金沢自然公園,その他遊具,タイヤ・リングステップ,1,基,自然公園(子ども広場),,
南部公園緑地事務所,金沢区,広域公園,金沢自然公園,その他遊具,ループトンネル,1,基,自然公園(子ども広場),,
南部公園緑地事務所,金沢区,広域公園,金沢自然公園,その他遊具,丸太渡り,1,基,自然公園(子ども広場),,
南部公園緑地事務所,金沢区,広域公園,金沢自然公園,プレイスカルプチュア,動物の置物,1,基,,,
南部公園緑地事務所,金沢区,広域公園,金沢自然公園,ローラーすべり台,(大)100メートル,1,基,自然公園(子ども広場),6〜12,
南部公園緑地事務所,金沢区,広域公園,金沢自然公園,ローラーすべり台,（中）,1,基,,3〜12,
南部公園緑地事務所,金沢区,広域公園,金沢自然公園,砂場,,1,基,動物園(わくわく広場),,
