ǗҖ,n於,ʖ,_,{ݖ,dlEKi,,P,ݒuꏊyn於z,Ώ۔N,Z
y؎,,X,ԈJ,ׂ,vCVFCp[icpj,1,,,3`6,J3-9
y؎,,X,ԈJ,uR,,1,,,6`12,
y؎,,X,ԈJ,,,1,,,,
y؎,,X,ԈJ,S_,,1,,,3`12,
y؎,,X,ԈJ,XvOV,RA,1,,,3`6,J3-26
y؎,,X,ԈJ,XvOV,p_,1,,,3`6,
y؎,,X,ԈJ,ׂ,,1,,,,
y؎,,X,ԈJ,uR,,1,,,6`12,
y؎,,X,ԈJ,S_,,1,,,6`12,
y؎,,X,ԈJO,uR,,1,,,6`12,J3-18
y؎,,X,ԈJO,,,1,,,3`6,
y؎,,X,ԈJO,S_,,1,,,,
y؎,,X,ޒ,ׂ,,1,,,,2-46
y؎,,X,ޒ,uR,,1,,,,
y؎,,X,ޒ,uR}bg,,5,m2,,,
y؎,,X,ޒ,,,1,,,,
y؎,,X,ޒ,S_,,1,,,,
y؎,,X,ޒ,V,,1,,,,
y؎,,X,CKC,|V,,1,,,3`12,3-9
y؎,,X,ɉR,uR,,1,,,6`12,哹1-42
y؎,,X,ɉR,|V,,1,,,3`6,
y؎,,X,ɉR,S_,,1,,,3`12,
y؎,,X,,XvOV,uh[U[,1,,,3`6,J2-1
y؎,,X,,uR,,1,,,6`12,
y؎,,X,,|V,,1,,,3`6,
y؎,,X,,,,1,,,3`6,
y؎,,X,,NCV,cpNCV,1,,,,J4-19
y؎,,X,,WOW,cpWOW,1,,,,
y؎,,X,,ׂ,,1,,,3`12,
y؎,,X,,ׂ,cpΖʂׂ,1,,,,
y؎,,X,,uR,,1,,,,
y؎,,X,,,,1,,,,
y؎,,X,w,XvOV,Gt@g,1,,,3`6,w21-31
y؎,,X,w,XvOV,o[h,1,,,3`6,
y؎,,X,w,,,1,,,3`6,
y؎,,X,А,WOW,,1,,,6`12,А53
y؎,,X,А,ׂ,,1,,,3`12,
y؎,,X,А,uR,,1,,,6`12,
y؎,,X,А,,,1,,,3`6,
y؎,,X,А,S_,,1,,,6`12,
y؎,,X,А,uR,,1,,,6`12,А16
y؎,,X,А,,,1,,,3`6,
y؎,,X,А,S_,,1,,,6`12,
y؎,,X,򒬌,ׂ,,1,,,6`12,121
y؎,,X,򒬌,uR,,1,,,6`12,
y؎,,X,򒬌,NV,wL΂x`,2,,,,
y؎,,X,򒬌,|V,,1,,,3`12,
y؎,,X,򒬌,,,1,,,3`6,
y؎,,X,򒬑,ׂ,,1,,,3`12,184-132
y؎,,X,򒬑,uR,,1,,,6`12,
y؎,,X,򒬑,vCXJv`A,J,1,,,3`6,
y؎,,X,򒬑,vCXJv`A,j,1,,,3`6,
y؎,,X,򒬑,NV,wL΂x`,1,,,,
y؎,,X,򒬑,S_,,1,,,3`12,
y؎,,X,򔪔,NV,Ԃ炳,1,,,,O1-10
y؎,,X,򔪔,NV,ŵ΂x`,1,,,,
y؎,,X,򔪔,|V,Rrl[VV,1,,,3`12,
y؎,,X,J,ׂ,,1,,,6`12,J2-7
y؎,,X,J,uR,,1,,,6`12,
y؎,,X,J,S_,,1,,,6`12,
y؎,,X,J,Ă,ۋ,1,,,6`12,J1-26
y؎,,X,J,XvOV,N},1,,,3`6,
y؎,,X,J,XvOV,oCN,1,,,3`6,
y؎,,X,J,ׂ,,1,,,6`12,
y؎,,X,J,uR,,1,,,6`12,
y؎,,X,J,,,1,,,3`6,
y؎,,X,JO,Ă,cCXg_[,1,,,6`12,J1-6
y؎,,X,JO,XvOV,ETM,1,,,3`6,
y؎,,X,JO,XvOV,J,1,,,3`6,
y؎,,X,JO,uR,,1,,,3`6,
y؎,,X,JO,[[ׂ,]E^,1,,,3`12,
y؎,,X,JO,,,1,,,3`6,
y؎,,X,JO,S_,,1,,,6`12,
y؎,,X,Jl,uR,,1,,,6`12,J1-56
y؎,,X,Jl,|V,,1,,,3`12,
y؎,,X,Jl,,,1,,,3`6,
y؎,,X,J܌,XEBOV,,1,,,3`12,J2-19
y؎,,X,J܌,uR,,1,,,6`12,
y؎,,X,J܌,|V,,1,,,3`6,
y؎,,X,J܌,,,1,,,3`6,
y؎,,X,Jԍ,WOW,,1,,,6`12,J4-15
y؎,,X,Jԍ,XvOV,NW,1,,,3`6,
y؎,,X,Jԍ,XvOV,|j[,1,,,3`6,
y؎,,X,Jԍ,ׂ,,1,,,3`12,
y؎,,X,Jԍ,uR,,1,,,6`12,
y؎,,X,Jԍ,vCXJv`A,qǂ̉,1,,,3`6,
y؎,,X,Jԍ,|V,,1,,,3`12,
y؎,,X,Jԍ,,,1,,,3`6,
y؎,,X,Jԍ,S_,,1,,,6`12,
y؎,,X,J`̖،,ׂ,,1,,,6`12,J2-3
y؎,,X,J`̖،,uR,,1,,,6`12,
y؎,,X,J`̖،,NV,],1,,,,
y؎,,X,J`̖،,NV,wL΂x`,1,,,,
y؎,,X,J`̖،,NV,؃x`,1,,,,
y؎,,X,J`̖،,,,1,,,3`6,
y؎,,X,J`̖،,S_,,1,,,6`12,
y؎,,X,J{,ׂ,,1,,,6`12,J1-3
y؎,,X,J{,uR,,1,,,6`12,
y؎,,X,J{,,RN[g,1,,,3`6,
y؎,,X,J{,S_,,1,,,6`12,
y؎,,X,J{,NCV,NC}[,1,,,6`12,J4-8
y؎,,X,J{,ׂ,,1,,,6`12,
y؎,,X,J{,uR,,1,,,6`12,
y؎,,X,J{,NV,wL΂x`,1,,,,
y؎,,X,J{,,,1,,,3`6,
y؎,,X,J{,S_,,1,,,6`12,
y؎,,X,Jh,ׂ,,1,,,,J6-16
y؎,,X,Jh,uR,,1,,,6`12,
y؎,,X,Jh,,RN[g,1,,,3`6,
y؎,,X,J꒚ڌ,XvOV,E},1,,,3`6,J1-14
y؎,,X,J꒚ڌ,XvOV,oM[,1,,,3`6,
y؎,,X,J꒚ڌ,|V,gC^E,1,,,6`12,
y؎,,X,J꒚ڌ,,,1,,,3`6,
y؎,,X,Jڌ,|V,,1,,,3`12,J8-1794-15
y؎,,X,Jڌ,,,1,,,3`6,
y؎,,X,Jڌ,S_,,1,,,6`12,
y؎,,X,J񒚖ڌ,ׂ,,1,,,6`12,J2-13
y؎,,X,J񒚖ڌ,S_,,1,,,6`12,
y؎,,X,Jς,RN[gV,ׂ,1,,,3`12,J1-1
y؎,,X,Jς,RN[gV,΂̎R,1,,,3`12,
y؎,,X,Jς,XvOV,E},1,,,3`6,
y؎,,X,Jς,XvOV,oM[,1,,,3`6,
y؎,,X,Jς,ׂ,Lׂ,1,,,3`12,
y؎,,X,Jς,uR,,1,,,6`12,
y؎,,X,Jς,NV,wL΂x`,2,,,,
y؎,,X,Jς,NV,؃x`,1,,,,
y؎,,X,Jς,|V,,1,,,3`6,
y؎,,X,Jς,|V,ǂ̉,1,,,3`6,
y؎,,X,Jς,,,1,,,3`6,
y؎,,X,Jς,S_,,1,,,6`12,
y؎,,X,Jς,S_,,1,,,,
y؎,,X,Jς,S_,,1,,,,
y؎,,X,JM,ׂ,,1,,,3`12,Ē364
y؎,,X,JM,uR,,1,,,6`12,
y؎,,X,JM,,,1,,,3`6,
y؎,,X,kV,XvOV,ETM,1,,,3`6,J4-5
y؎,,X,kV,XvOV,oCN,1,,,3`6,
y؎,,X,kV,uR,,1,,,6`12,
y؎,,X,kV,NV,,1,,,6`12,
y؎,,X,kV,NV,wL΂x`,1,,,,
y؎,,X,kV,NV,؃x`,1,,,,
y؎,,X,kV,|V,,1,,,6`12,
y؎,,X,kV,,,1,,,3`6,
y؎,,X,kV,S_,,1,,,6`12,
y؎,,X,kJ,ׂ,,1,,,3`12,J5-9
y؎,,X,kJ,,,1,,,3`6,
y؎,,X,kJ,S_,,1,,,6`12,
y؎,,X,T_̕@,V[\[,Aj}V[\[,1,,,3`6,2-1
y؎,,X,T_̕@,,,1,,,3`6,
y؎,,X,ؒJ,ׂ,,1,,,6`12,J3-12
y؎,,X,ؒJ,uR,,1,,,6`12,
y؎,,X,ؒJ,NV,|`,1,,,,
y؎,,X,ؒJ,,,1,,,3`6,
y؎,,X,ؒJ,S_,,1,,,6`12,
y؎,,X,ؒJ,ׂ,,1,,,6`12,J4-19
y؎,,X,ؒJ,uR,,1,,,6`12,
y؎,,X,ؒJ,NV,ԂԂc[,1,,,,
y؎,,X,ؒJ,NV,wL΂x`,1,,,,
y؎,,X,ؒJ,NV,؃x`,1,,,,
y؎,,X,ؒJ,,RN[g,1,,,3`6,
y؎,,X,ؒJ,S_,,1,,,6`12,
y؎,,X,ؒJO,uR,,1,,,,J4-31
y؎,,X,ؒJO,,,1,,,3`6,
y؎,,X,ؒJO,S_,,1,,,,
y؎,,X,ؒJl,ׂ,,1,,,,J3-18
y؎,,X,ؒJl,uR,,1,,,,
y؎,,X,ؒJl,,,1,,,3`6,
y؎,,X,ؒJl,S_,,1,,,,
y؎,,X,ʂ,RN[gV,v^ׂ,1,,,6`12,1-24
y؎,,X,ʂ,XvOV,,2,,,,
y؎,,X,ʂ,S_,,1,,,,
y؎,,X,Ē,uR,,1,,,3`6,Ē37-6
y؎,,X,ml,ׂ,,1,,,6`12,x4-10
y؎,,X,ml,uR,,1,,,6`12,
y؎,,X,ml,NV,ډx`,2,,,,
y؎,,X,ml,NV,Ԃ牺,1,,,,
y؎,,X,ml,,,1,,,3`6,
y؎,,X,ml,S_,,1,,,6`12,
y؎,,X,̖,ׂ,,1,,,3`6,4-24
y؎,,X,̖,uR,cpuR,2,,,3`6,
y؎,,X,̖,NV,wL΂x`,1,,,12`,
y؎,,X,̖,S_,,1,,,3`12,
y؎,,X,R,WOW,~`ATiװ,1,,,3`12,JÒ40-99
y؎,,X,R,ׂ,,1,,,6`12,
y؎,,X,R,ׂ,񂫃nEXicpj,1,,,3`6,
y؎,,X,R,uR,,1,,,6`12,
y؎,,X,R,NV,wL΂x`,1,,,,
y؎,,X,R,NV,؃x`,1,,,,
y؎,,X,R,S_,,1,,,3`12,
y؎,,X,̍,XvOV,Jo,1,,,3`6,哹2-26
y؎,,X,̍,XvOV,L,1,,,3`6,
y؎,,X,̍,ׂ,,1,,,,
y؎,,X,̍,uR,,1,,,,
y؎,,X,̍,S_,,1,,,,
y؎,,X,F,XvOV,,2,,,,{蒬23
y؎,,X,F,ׂ,,1,,,,
y؎,,X,F,uR,,1,,,,
y؎,,X,F,,􂢏o,1,,,,
y؎,,X,F,S_,,1,,,6`12,
y؎,,X,P,̑V,NCV,1,,,,ZY1-14
y؎,,X,P,̑V,SXebv,8,,,,
y؎,,X,P,uR,,1,,,6`12,
y؎,,X,P,|V,ׂij2AĂ,1,,,3`12,
y؎,,X,P,,,1,,,,
y؎,,X,P,e[u,,1,,,3`6,
y؎,,X,P,S_,,1,,,6`12,
y؎,,X,փJ,WOW,,1,,,6`12,J3-42
y؎,,X,փJ,uR,,1,,,6`12,
y؎,,X,փJ,NV,}bT[Wx`,1,,,,
y؎,,X,փJ,|V,,1,,,3`12,
y؎,,X,փJ,,,1,,,3`6,
y؎,,X,փJ,S_,,1,,,,
y؎,,X,փJ,ׂ,,1,,,,J3-28
y؎,,X,փJ,uR,,1,,,,
y؎,,X,փJ,NV,Ԃ牺,1,,,,
y؎,,X,փJ,NV,wL΂x`,1,,,,
y؎,,X,փJ,NV,؃x`,1,,,,
y؎,,X,փJ̒Ҍ,XvOV,UM[,1,,,3`6,J2-35
y؎,,X,փJ̒Ҍ,XvOV,WM[,1,,,3`6,
y؎,,X,փJ̒Ҍ,XvOV,XeBK[,1,,,3`6,
y؎,,X,փJ̒Ҍ,XvOV,uCU[,1,,,3`6,
y؎,,X,փJ̒Ҍ,|V,gx[,1,,,6`12,
y؎,,X,փJ̒Ҍ,,,1,,,3`6,
y؎,,X,ˌ,NV,Ԃ牺,1,,,,10
y؎,,X,ˌ,NV,wL΂x`,1,,,,
y؎,,X,哹,XvOV,E},1,,,3`6,哹1-66
y؎,,X,哹,XvOV,]E,1,,,3`6,
y؎,,X,哹,ׂ,,1,,,,
y؎,,X,哹,uR,,1,,,6`12,
y؎,,X,哹,S_,,1,,,6`12,
y؎,,X,M,XvOV,,1,,,,M2-36
y؎,,X,M,XvOV,oCN,1,,,,
y؎,,X,M,ׂ,jjXC_[,1,,,,
y؎,,X,M,uR,,1,,,,
y؎,,X,M,,,1,,,3`6,
y؎,,X,M,S_,,1,,,6`12,
y؎,,X,M,ӂ݂Xgb`,,1,,,,M2-36
y؎,,X,M,Ԃ炳,,1,,,,
y؎,,X,M,wL΂x`,,1,,,,
y؎,,X,@,uR,,1,,,6`12,ZY3-27
y؎,,X,@,,,1,,,3`6,
y؎,,X,@,S_,,1,,,6`12,
y؎,,X,J,NV,eq,1,,,,ZY2-18
y؎,,X,J,NV,wL΂x` ,1,,,,
y؎,,X,J,|V,,1,,,3`12,
y؎,,X,J,cpV,,1,,,,ZY2-6
y؎,,X,J,cpV,,1,,,,
y؎,,X,J,cpV,,1,,,,
y؎,,X,DT꒚ڌ,uR,,1,,,,DT1-28
y؎,,X,DT꒚ڌ,|V,,1,,,3`12,
y؎,,X,DT꒚ڌ,,,1,,,3`6,
y؎,,X,DT꒚ڌ,S_,,1,,,,
y؎,,X,OȂ݌,uR,,1,,,6`12,O2-5
y؎,,X,OȂ݌,|V,_uO,1,,,3`12,
y؎,,X,OȂ݌,,,1,,,3`6,
y؎,,X,OȂ݌,S_,,1,,,6`12,
y؎,,X,OȂ݌,S_,,1,,,6`12,
y؎,,X,O,XvOV,,2,,,,O1-5
y؎,,X,O,|V,,1,,,,
y؎,,X,O,,,1,,,3`6,
y؎,,X,΍,ׂ,,1,,,,Ē343-6
y؎,,X,΍,uR,,1,,,,
y؎,,X,΍,,,1,,,3`6,
y؎,,X,x,uR,,1,,,,x7-37
y؎,,X,x,,,1,,,,
y؎,,X,x,S_,,1,,,,
y؎,,X,xO,XvOV,ETM,1,,VYL@,3`6,x4-49
y؎,,X,xO,XvOV,R]E,1,,VYL@,3`6,
y؎,,X,xO,ׂ,,1,,VYL@,6`12,
y؎,,X,xO,uR,,1,,VYL@,6`12,
y؎,,X,xO,,,1,,VYL@,3`6,
y؎,,X,xO,S_,,1,,VYL@,6`12,
y؎,,X,xO,ؐV,܂܂ƃnEX,1,,VYL@,3`6,
y؎,,X,xl,|V,lC`[r_[,1,,,,x4-16
y؎,,X,xl,,,1,,,3`6,
y؎,,X,xl,S_,,1,,,,
y؎,,X,x܌,ׂ,,1,,,,x5-7
y؎,,X,x܌,̑V,~`싅,1,,,,
y؎,,X,x܌,uR,,1,,,,
y؎,,X,x܌,NV,cCXg`FA[,1,,,,
y؎,,X,x܌,NV,Ԃ牺,1,,,,
y؎,,X,x܌,NV,ݔXgb`,1,,,,
y؎,,X,x܌,NV,wL΂x`,1,,,,
y؎,,X,x܌,,,1,,,,
y؎,,X,x܌,S_,,1,,,,
y؎,,X,xZ,ׂ,,1,,,6`12,x6-29
y؎,,X,xZ,uR,,1,,,6`12,
y؎,,X,xZ,,RN[g,1,,,3`6,
y؎,,X,xZ,S_,,1,,,6`12,
y؎,,X,x掵,uR,,1,,,6`12,x5-41
y؎,,X,x掵,|V,,1,,,3`12,
y؎,,X,x掵,S_,,1,,,3`6,
y؎,,X,xJ,|V,,1,,,6`12,x3-9
y؎,,X,xJ,|V,,1,,,3`6,
y؎,,X,xJ,,,1,,,3`6,
y؎,,X,xJ,XvOV,Ck,1,,,3`6,x3-1
y؎,,X,xJ,XvOV,E},1,,,3`6,
y؎,,X,xJ,|V,,1,,,3`12,
y؎,,X,xJ,,,1,,,3`6,
y؎,,X,xJ,S_,,1,,,,
y؎,,X,xu,ׂ,,1,,,,x7-38
y؎,,X,x꒚ڌ,uR,,1,,,,
y؎,,X,x꒚ڌ,|V,X̂ǂRr,1,,,,
y؎,,X,x꒚ڌ,,,1,,,3`6,
y؎,,X,x꒚ڌ,S_,,1,,,,
y؎,,X,xOڌ,XvOV,I[goC,1,,,3`6,x3-15
y؎,,X,xOڌ,XvOV,qR[L,1,,,3`6,
y؎,,X,xOڌ,NV,,1,,,,
y؎,,X,xOڌ,|V,,1,,,3`12,
y؎,,X,xOڌ,S_,,1,,,6`12,
y؎,,X,xڌ,RN[gV,ׂ,1,,,3`12,x7-71
y؎,,X,xڌ,|V,XChC_[,1,,,3`12,
y؎,,X,xڌ,,,1,,,3`6,
y؎,,X,x꒚ڌ,RN[gV,lׂ,1,,,3`12,x1-26
y؎,,X,x꒚ڌ,uR,,1,,,6`12,
y؎,,X,x꒚ڌ,|V,,1,,,3`12,
y؎,,X,x꒚ڌ,,,1,,,3`6,
y؎,,X,x꒚ڌ,S_,,1,,,6`12,
y؎,,X,xЂ肪u,RN[gV,lׂ,1,,,3`12,x4-56
y؎,,X,xЂ肪u,uR,,1,,,,
y؎,,X,xЂ肪u,,,1,,,3`6,
y؎,,X,l,oXPbgS[,,1,,,6`12,l16-3.
y؎,,X,l,NV,,1,,,,
y؎,,X,l,NV,wL΂x`,1,,,,
y؎,,X,l,NV,щz,1,,,,
y؎,,X,l,NV,rbx`,1,,,,
y؎,,X,u,NV,ŵ΂x`,1,,,,x3-5
y؎,,X,u,uR,,1,,,6`12,x3-9
y؎,,X,u,NV,,1,,,,
y؎,,X,u,NV,wL΂`FA[,1,,,,
y؎,,X,u,,,1,,,3`6,
y؎,,X,lO,ׂ,,1,,,,l6-28
y؎,,X,lO,uR,,1,,,6`12,
y؎,,X,lO,,,1,,,3`6,
y؎,,X,l݂͂炵,ׂ,,1,,,3`12,x15
y؎,,X,l݂͂炵,uR,,1,,,,
y؎,,X,l݂͂炵,,,1,,,3`6,
y؎,,X,l݂͂炵,S_,,1,,,,
y؎,,X,ĎR,XvOV,Lbg,1,,VYL,3`6,J1-42
y؎,,X,ĎR,XvOV,V[\[,1,,VYL,3`6,
y؎,,X,ĎR,̑V,ˑ,1,,VYL,3`6,
y؎,,X,ĎR,uR,,1,,VYL,6`12,
y؎,,X,ĎR,NV,XvOo[,1,,RL,,
y؎,,X,ĎR,NV,cCXgXc[,1,,RL,,
y؎,,X,ĎR,NV,wL΂x`,1,,RL,,
y؎,,X,ĎR,|V,,1,,VYL,3`12,
y؎,,X,ĎR,,,1,,VYL,3`6,
y؎,,X,ĎR,S_,,1,,VYL,6`12,
y؎,,X,ĎR,XvOV,uh[U[,1,,,3`6,J3-5
y؎,,X,ĎR,XvOV,|j[,1,,,3`6,
y؎,,X,ĎR,ׂ,,1,,,3`6,
y؎,,X,ĎR,uR,,1,,,3`6,
y؎,,X,ĎR,,,1,,,,
y؎,,X,ĎR,S_,,1,,,6`12,
y؎,,X,ĎR,|V,,1,,,6`12,J1-15
y؎,,X,ĎR,S_,,1,,,6`12,
y؎,,X,đ,ׂ,,1,,,3`12,3-32
y؎,,X,đ,uR,,1,,,6`12,
y؎,,X,đ,,,1,,,3`6,
y؎,,X,đ,S_,,1,,,6`12,
y؎,,X,đ,V[\[,|`V[\[,1,,,6`12,1-14
y؎,,X,đ,ׂ,,1,,,,
y؎,,X,đ,̑V,zbsOXebvAVA,1,,,6`12,
y؎,,X,đ,uR,,1,,,6`12,
y؎,,X,đ,S_,,1,,,6`12,
y؎,,X,đO,ׂ,cpAт̂,1,,,3`6,2-22
y؎,,X,đO,uR,,1,,,3`12,
y؎,,X,đO,NV,cCXg`FA[,1,,,,
y؎,,X,đO,NV,Ԃ牺,1,,,,
y؎,,X,đO,NV,wL΂x`,1,,,,
y؎,,X,đO,,,1,,,3`12,
y؎,,X,đO,S_,,1,,,3`12,
y؎,,X,đl,ׂ,,1,,,6`12,1-26
y؎,,X,đl,uR,,1,,,6`12,
y؎,,X,đl,,,1,,,3`6,
y؎,,X,đl,S_,,1,,,6`12,
y؎,,X,đ܌,NV,Ԃ炳,1,,,,2-6
y؎,,X,đ܌,NV,wL΂x`,1,,,,
y؎,,X,đ܌,NV,؃x`,1,,,,
y؎,,X,Ĉ꒚ڌ,UCNC,1A,1,,,6`12,1-76-7
y؎,,X,Ĉ꒚ڌ,XvOV,E},1,,,3`6,
y؎,,X,Ĉ꒚ڌ,XvOV,R]E,1,,,3`6,
y؎,,X,Ĉ꒚ڌ,,,1,,,3`6,
y؎,,X,đ,uR,,1,,,6`12,l2-7
y؎,,X,đ,|V,,1,,,6`12,
y؎,,X,đ,,,1,,,3`6,
y؎,,X,đ,S_,,1,,,6`12,
y؎,,X,\䂠ɂ,|V,,1,,,3`12,\5-49-1
y؎,,X,\䂠ɂ,,,1,,,3`6,
y؎,,X,\䐴,RN[gV,ׂ,1,,,3`12,\6-19-2
y؎,,X,\䐴,uR,,1,,,6`12,
y؎,,X,\䐴,,,1,,,3`6,
y؎,,X,\,|V,,1,,i,3`12,\3-31-1
y؎,,X,\,uR,,1,,,6`12,\5-29-1
y؎,,X,\,|V,,1,,,3`12,
y؎,,X,\,,,1,,,3`6,
y؎,,X,\,S_,,1,,,6`12,
y؎,,X,\nvی,|V,,1,,,6`12,\2-8-6
y؎,,X,\nvی,,,1,,,3`6,
y؎,,X,\nvی,S_,,1,,,6`12,
y؎,,X,\䕽,RN[gV,lׂ,1,,,3`12,\3-12-1
y؎,,X,\䕽,uR,,1,,,6`12,
y؎,,X,\䕽,,,1,,,3`6,
y؎,,X,\䕽,S_,,1,,,6`12,
y؎,,X,R,ׂ,,1,,,,J2-27
y؎,,X,R,uR,,1,,,,
y؎,,X,R,,,1,,,3`6,
y؎,,X,R,uR,,1,,,6`12,J2-23
y؎,,X,R,S_,,1,,,6`12,
y؎,,X,RZYJ,S_,,1,,,,J1-5
y؎,,X,,uR,,1,,,6`12,DT2-8
y؎,,X,,|V,MUbt,1,,,3`12,
y؎,,X,,,,1,,,3`6,
y؎,,X,i,uR,,1,,,,1-10
y؎,,X,i,|V,zG[I[V,1,,,,
y؎,,X,i,,,1,,,3`6,
y؎,,X,i,S_,,1,,,,
y؎,,X,i,XvOV,Aq,1,,,3`6,7
y؎,,X,i,XvOV,CJ,1,,,3`6,
y؎,,X,i,XvOV,JG,1,,,3`6,
y؎,,X,i,XvOV,NW,1,,,3`6,
y؎,,X,i,XvOV,yJ,1,,,3`6,
y؎,,X,i,uR,,1,,,6`12,
y؎,,X,i,|V,,1,,,3`12,
y؎,,X,i,,,1,,,3`6,
y؎,,X,i,S_,,1,,,6`12,
y؎,,X,͂Ȃނ,ׂ,,1,,,6`12,J5-16
y؎,,X,͂Ȃނ,̑V,}|(),1,,,,
y؎,,X,͂Ȃނ,̑V,}|(),1,,,,
y؎,,X,͂Ȃނ,uR,,1,,,,
y؎,,X,͂Ȃނ,,,1,,,,
y؎,,X,͂Ȃނ,S_,,1,,,,
y؎,,X,ގOڌ,ׂ,,1,,,,3-15
y؎,,X,ގOڌ,uR,pQA,1,,,,
y؎,,X,ގOڌ,,,1,,,3`6,
y؎,,X,ޒnO,XvOV,oM[,1,,,3`6,3-2
y؎,,X,ޒnO,XvOV,uh[U[,1,,,3`6,
y؎,,X,ޒnO,uR,,1,,,6`12,
y؎,,X,ޒnO,|V,,1,,,3`12,
y؎,,X,ޒnO,,,1,,,3`6,
y؎,,X,ޒnO,S_,,1,,,6`12,
y؎,,X,x,XvOV,E},1,,,3`6,x6-30
y؎,,X,x,XvOV,g,1,,,3`6,
y؎,,X,x,uR,,1,,,6`12,
y؎,,X,x,,,1,,,,
y؎,,X,x,S_,,1,,,6`12,
y؎,,X,l,NCV,A[`NC}[,1,,,6`12,1-4
y؎,,X,l,ׂ,,1,,,,
y؎,,X,l,,,1,,,3`6,
y؎,,X,l,S_,,1,,,6`12,
y؎,,X,P̓,uR,,1,,,6`12,DT1-26
y؎,,X,P̓,|V,,1,,,3`12,
y؎,,X,P̓,,,1,,,3`6,
y؎,,X,,XEBOV,cpVVN}CJ,1,,,,16
y؎,,X,,XEBOV,cpVD,1,,,,
y؎,,X,,ׂ,,1,,,,
y؎,,X,,uR,,1,,,,
y؎,,X,,NV,Ԃ炳,1,,,,
y؎,,X,,NV,Ђ˂,1,,,,
y؎,,X,,NV,ŵ΂x`,1,,,,
y؎,,X,,,e[u,1,,,,
y؎,,X,,S_,,1,,,,
y؎,,X,,ׂ,,1,,,3`6,J6-17
y؎,,X,,uR,,1,,,6`12,
y؎,,X,,S_,,1,,,3`12,
y؎,,X,Ԍ,uR,,1,,,6`12,2-9
y؎,,X,Ԍ,|V,,1,,,3`12,
y؎,,X,Ԍ,,,1,,,3`6,
y؎,,X,Ԍ,S_,,1,,,6`12,
y؎,,X,x,XvOV@NW,,1,,,,x18
y؎,,X,x,XvOV@|j[,,1,,,,
y؎,,X,x,ׂ,,1,,,,
y؎,,X,x,uR,,1,,,,
y؎,,X,x,NV@Ԃ炳,,1,,,,
y؎,,X,x,NV@wL΂x`,,1,,,,
y؎,,X,x,,,1,,,3`6,
y؎,,X,x,S_,,1,,,,
y؎,,X,xO,XvOV@uh[U[,,1,,,,x19
y؎,,X,xO,XvOV@|j[,,1,,,,
y؎,,X,xO,ׂ,OAXeXpCv^,1,,,3`12,
y؎,,X,xO,,,1,,,3`6,
y؎,,X,}TL̕@,uR,,1,,,6`12,Ē380
y؎,,X,}TL̕@,|V,,1,,,3`12,
y؎,,X,}TL̕@,,,1,,,3`6,
y؎,,X,,ׂ,,1,,,,ZY2-19
y؎,,X,,uR,,1,,,,
y؎,,X,,S_,,1,,,,
y؎,,X,,uR,,1,,,,ZY2-38
y؎,,X,,|V,,1,,,,
y؎,,X,,S_,,1,,,6`12,
y؎,,X,ی,XvOV,]E,1,,,3`6,J6-31
y؎,,X,ی,uR,,1,,,6`12,
y؎,,X,ی,NV,Ԃ炳o[,1,,,,
y؎,,X,ی,NV,wL΂x`,1,,,,
y؎,,X,ی,NV,؃x`,1,,,,
y؎,,X,ی,|V,,1,,,3`12,
y؎,,X,ی,,,1,,,3`6,
y؎,,X,{mO,WOW,,1,,,6`12,1-15
y؎,,X,{mO,,,1,,,3`6,
y؎,,X,{mO,S_,,1,,,6`12,
y؎,,X,ZY񒚖ڑ,,,1,,,3`6,ZY2-8
y؎,,X,ZY񒚖ڑ,S_,,1,,,,
y؎,,X,ZY񒚖ڑ,ׂ,,1,,,6`12,ZY2-7
y؎,,X,ZY񒚖ڑ,uR,,1,,,,
y؎,,X,ZY񒚖ڑ,,,1,,,3`6,
y؎,,X,ZY񒚖ڑO,ׂ,,1,,,,
y؎,,X,ZY񒚖ڑO,uR,,1,,,,
y؎,,X,ZY񒚖ڑO,,,1,,,3`6,
y؎,,X,ZY񒚖ڑO,S_,,1,,,,
y؎,,X,ZY,|V,,1,,,3`12,ZY5-11
y؎,,X,ZY,,,1,,,3`6,
y؎,,X,ZY,S_,,1,,,6`12,
y؎,,X,ZY݌,ׂ,,1,,,,ZY3-26
y؎,,X,ZY݌,uR,,1,,,,
y؎,,X,ZY݌,,,1,,,3`6,
y؎,,X,ZY,ׂ,^,1,,,3`6,ZY4-5
y؎,,X,ZY,uR,,1,,,6`12,
y؎,,X,ZY,vCXJv`A,gXebv,1,,,3`6,
y؎,,X,ZY,vCXJv`A,CIXebv,1,,,3`6,
y؎,,X,ZY,|V,A|,1,,,3`12,
y؎,,X,ZY,,,1,,,3`6,
y؎,,X,ZY,S_,,1,,,6`12,
y؎,,X,ZYOz,NV,cCXg,1,,,,ZY2-15
y؎,,X,ZYOz,NV,O,1,,,,
y؎,,X,ZYOz,NV,̔炵,1,,,,
y؎,,X,ZYOz,|V,ReX^[,1,,,6`12,
y؎,,X,ZYOz,,,1,,,3`6,
y؎,,X,ZYOz,S_,,1,,,6`12,
y؎,,X,ZYOz,uR,,1,,,,ZY3-3
y؎,,X,ZYOz,|V,vCXiCp[,1,,,,
y؎,,X,ZYOz,,,1,,,,
y؎,,X,ZYOz,S_,,1,,,,
y؎,,X,ZY~,uR,,1,,,6`12,ZY5-10
y؎,,X,ZY~,|V,,1,,,3`12,
y؎,,X,ZY~,,,1,,,3`6,
y؎,,X,ZYP,XvOV,I[goC,1,,,3`6,ZY1-25
y؎,,X,ZYP,XvOV,[VOJ[,1,,,3`6,
y؎,,X,ZYP,ׂ,,1,,,,
y؎,,X,ZYP,uR,,1,,,,
y؎,,X,ZYP,|V,MUbt,1,,,3`12,
y؎,,X,ZYP,,,1,,,3`6,
y؎,,X,ZYP,|V,,1,,,6`12,ZY1-33
y؎,,X,ZYP,,,1,,,3`6,
y؎,,X,ZY,uR,,1,,,3`6,ZY3-11
y؎,,X,ZY,|V,,1,,,6`12,
y؎,,X,ZYl,ׂ,,1,,,6`12,ZY3-41
y؎,,X,ZYl,uR,,1,,,3`12,
y؎,,X,ZYl,,,1,,,3`6,
y؎,,X,ZYl,S_,,1,,,6`12,
y؎,,X,ZY܌,|V,,1,,,3`12,ZY3-6
y؎,,X,ZYZ,uR,,1,,,,ZY2-10
y؎,,X,ZYZ,,,1,,,3`6,
y؎,,X,ZYZ,S_,,1,,,,
y؎,,X,ZY掵,ׂ,cpj,1,,,3`6,ZY3-15
y؎,,X,ZY掵,,,1,,,3`6,
y؎,,X,ZY,XvOV,Ck,1,,,3`6,3-19
y؎,,X,ZY,XvOV,E},1,,,3`6,
y؎,,X,ZY,ׂ,cpAvCr_[(PBP-003),1,,,3`6,
y؎,,X,ZY,uR,,1,,,3`6,
y؎,,X,ZY,,,1,,,3`6,
y؎,,X,ZY,e[u,,1,,,3`6,
y؎,,X,ZY,XvOV,E},1,,,3`6,2-19
y؎,,X,ZY,XvOV,jg,1,,,3`6,
y؎,,X,ZY,ׂ,,1,,,6`12,
y؎,,X,ZY,uR,,1,,,6`12,
y؎,,X,ZY,,,1,,,3`6,
y؎,,X,ZYO,ׂ,,1,,,6`12,2-15
y؎,,X,ZYO,uR,,1,,,6`12,
y؎,,X,ZYO,,,1,,,3`6,
y؎,,X,ZYl,ׂ,,1,,,6`12,1-37
y؎,,X,ZY܌,|V,lC`[r_[,1,,,3`12,ZY5-42
y؎,,X,ZY܌,,,1,,,3`6,
y؎,,X,ZYZ,ׂ,,1,,,,ZY5-30
y؎,,X,ZYZ,uR,,1,,,,
y؎,,X,ZYZ,,,1,,,3`6,
y؎,,X,ZYЂȂ,ׂ,,1,,,6`12,ZY3-9
y؎,,X,ZYЂȂ,uR,,1,,,6`12,
y؎,,X,ZYЂȂ,,,1,,,3`6,
y؎,,X,ZYЂ܂,|V,,1,,,,ZY3-27
y؎,,X,ZYЂ܂,|V,Ă,1,,,6`12,
y؎,,X,ZYЂ܂,,,1,,,3`6,
y؎,,X,ZYЂ܂,S_,,1,,,,
y؎,,X,ZY,uR,,1,,,,ZY2-4
y؎,,X,ZY,|V,,1,,,,
y؎,,X,ZY,,,1,,,3`6,
y؎,,X,ZY,S_,,1,,,,
y؎,,X,ZYJ˓c,XvOV,NW,1,,,3`6,1-59
y؎,,X,ZYJ˓c,XvOV,|j[,1,,,3`6,
y؎,,X,ZYJ˓c,|V,h`W[,1,,,3`12,
y؎,,X,JÌ,ׂ,,1,,,3`12,JÒ362
y؎,,X,JÌ,uR,,1,,,6`12,
y؎,,X,JÌ,,,1,,,3`6,
y؎,,X,JÌ,S_,,1,,,6`12,
y؎,,X,JÍ,V[\[,|`V[\[,1,,,6`12,\15
y؎,,X,JÍ,XvOV,|j[,1,,,3`6,
y؎,,X,JÍ,XvOV,|j[,1,,,3`6,
y؎,,X,JÍ,ׂ,,1,,,,
y؎,,X,JÍ,uR,,1,,,6`12,
y؎,,X,JÍ,NV,wL΂x`,1,,,,
y؎,,X,JÍ,NV,؃x`,1,,,,
y؎,,X,JÍ,,,1,,,3`6,
y؎,,X,JÍ,S_,,1,,,,
y؎,,X,JÍ,WOW,,1,,,,\36
y؎,,X,JÍ,ׂ,,1,,,,
y؎,,X,JÍ,uR,,1,,,,
y؎,,X,JÍ,NV,Ԃ牺,1,,,,
y؎,,X,JÍ,NV,wL΂x`,2,,,,
y؎,,X,JÍ,,RN[g,1,,,3`6,
y؎,,X,JÍ,S_,,1,,,,
y؎,,X,JÍO,XvOV,ETM,1,,,3`6,\47
y؎,,X,JÍO,XvOV,J,1,,,3`6,
y؎,,X,JÍO,̑V,܂܂ƃe[u,2,g,,3`6,
y؎,,X,JÍO,uR,uRAЂ܃XEBOE,1,,,3`6,
y؎,,X,JÍO,uR,uRAЂ܃XEBO,1,,,3`6,
y؎,,X,JÍO,|V,`rbR̂,1,,,3`12,
y؎,,X,JÍO,,ΐ􂢏odグ,1,,,3`6,
y؎,,X,JÍ,oXPbgS[,Olbg,1,,,6`12,x23
y؎,,X,JÍ,uR,,1,,,6`12,
y؎,,X,JÍ,NV,Ԃ牺,1,,,,
y؎,,X,JÍ,NV,ڌNV,1,,,6`12,
y؎,,X,JÍ,NV,wL΂x`,1,,,,
y؎,,X,JÍ,NV,wL΂^,1,,,,
y؎,,X,JÍ,|V,,1,,,3`12,
y؎,,X,JÍ,,,1,,,3`6,
y؎,,X,JÐ,XEBOV,AVJ,1,,,3`6,JÒ231-6
y؎,,X,JÐ,XEBOV,bR,1,,,3`6,
y؎,,X,JÐ,ׂ,cpׂ,1,,,3`6,
y؎,,X,JÐ,uR,,1,,,6`12,
y؎,,X,JÐ,,RN[g,1,,,3`6,
y؎,,X,JÐ,S_,,1,,,6`12,
y؎,,X,,XvOV,E},1,,,3`6,19-3
y؎,,X,,XvOV,I[goC,1,,,3`6,
y؎,,X,,̑V,ˑ,1,,,3`6,
y؎,,X,,|V,,1,,,6`12,
y؎,,X,,,,1,,,3`6,
y؎,,ߗ׌,P,ׂ,,1,,,3`12,\6-9-1
y؎,,ߗ׌,P,uR,,1,,,6`12,
y؎,,ߗ׌,P,|V,,1,,,6`12,
y؎,,ߗ׌,P,,,1,,VYR[i[,3`6,
y؎,,ߗ׌,P,S_,,1,,,6`12,
y؎,,ߗ׌,J,̑V,Ǒł{[h,1,,,,J2-6
y؎,,ߗ׌,J,oXPbgS[,,1,,,,
y؎,,ߗ׌,,XvOV,NW,1,,VL,3`6,J5-29
y؎,,ߗ׌,,XvOV,|j[,1,,VL,3`6,
y؎,,ߗ׌,,uR,,1,,VL,6`12,
y؎,,ߗ׌,,NV,wL΂x`,1,,_XgLꐼH,,
y؎,,ߗ׌,,NV,؃x`,1,,_XgLꐼH,,
y؎,,ߗ׌,,|V,,1,,VL,3`12,
y؎,,ߗ׌,,,,1,,VL,3`6,
y؎,,ߗ׌,x,RN[gV,ׂ,1,,GA,3`12,x1-46
y؎,,ߗ׌,x,uR,,1,,,6`12,
y؎,,ߗ׌,x,|V,,1,,GA:VL,3`12,
y؎,,ߗ׌,x,,,1,,GA:VL,3`6,
y؎,,ߗ׌,x,,,1,,GA:RN[gV,3`6,
y؎,,ߗ׌,x,S_,,1,,,6`12,
y؎,,ߗ׌,\k,RN[gV,ׂ,1,,VYL,3`12,\1-42-1
y؎,,ߗ׌,\k,uR,,1,,,6`12,
y؎,,ߗ׌,\k,,,1,,VYL,3`6,
y؎,,ߗ׌,\䒆,RN[gV,ׂ,1,,VYL,6`12,\3-50-1
y؎,,ߗ׌,\䒆,uR,,1,,,6`12,
y؎,,ߗ׌,\䒆,NV,łA[`,1,,VYL,,
y؎,,ߗ׌,\䒆,NV,ӂ݂Xgb`,1,,VYL,,
y؎,,ߗ׌,\䒆,NV,ԂԂXgb`,1,,VYL,,
y؎,,ߗ׌,\䒆,NV,cCXg`FA[,1,,VYL,,
y؎,,ߗ׌,\䒆,NV,_[,1,,VYL,,
y؎,,ߗ׌,\䒆,NV,̂炵,1,,VYL,,
y؎,,ߗ׌,\䒆,NV,グXgb`,1,,VYL,,
y؎,,ߗ׌,\䒆,,ldグ,1,,VYL,3`6,
y؎,,ߗ׌,\䒆,S_,,1,,VYL,6`12,
y؎,,ߗ׌,\䓌,uR,,1,,GA:VL,6`12,\5-11-1
y؎,,ߗ׌,\䓌,,,1,,GA:VL,3`6,
y؎,,ߗ׌,\䓌,S_,,1,,GA:VL,6`12,
y؎,,ߗ׌,\xk,XvOV@NW,,1,,,,\䓌6
y؎,,ߗ׌,\xk,XvOV@|j[,,1,,,,
y؎,,ߗ׌,\xk,ׂ,,1,,_XgL,6`12,
y؎,,ߗ׌,\xk,uR,,1,,,,
y؎,,ߗ׌,\xk,|V,,1,,,,
y؎,,ߗ׌,\xk,,,1,,_XgL,3`6,
y؎,,ߗ׌,\xk,S_,,1,,,,
y؎,,ߗ׌,R,ׂ,,1,,VL,3`6,J2-58
y؎,,ߗ׌,R,uR,,1,,VL,6`12,
y؎,,ߗ׌,x,ׂ,,1,,_XgL,3`12,\䓌9
y؎,,ߗ׌,x,|V,,1,,_XgL,3`12,
y؎,,ߗ׌,܂,ׂ,,1,,,,O2-27
y؎,,ߗ׌,܂,uR,,1,,GA:VL,6`12,
y؎,,ߗ׌,܂,NV,cCXgA|,1,,GA:VL,,
y؎,,ߗ׌,܂,NV,؃x`,1,,GA:VL,,
y؎,,ߗ׌,܂,|V,,1,,GA:VL,6`12,
y؎,,ߗ׌,܂,S_,,1,,GA:VL,6`12,
y؎,,ߗ׌,ZY哹,ׂ,p,1,,,6`12,1-26
y؎,,ߗ׌,ZY哹,uR,,1,,,,
y؎,,ߗ׌,ZY哹,,,1,,VYL,3`6,
y؎,,n,x,XvOV,,1,,VLGA:^,3`6,x4-12
y؎,,n,x,XvOV,UM[,1,,VLGA:H,3`6,
y؎,,n,x,XvOV,WM[,1,,VLGA:ݑ,3`6,
y؎,,n,x,|V,N[U[,1,,VLGA,3`12,
y؎,,n,x,|V,~jX^WI,1,,VLGA,3`6,
y؎,,ssΒn,x؂ӂȂ܂,XvOV,J,1,,:L,3`6,x4-13
y؎,,ssΒn,x؂ӂȂ܂,XvOV,UM[,1,,:L,3`6,
y؎,,ssΒn,x؂ӂȂ܂,NV,~,1,,:L,,
y؎,,ssΒn,x؂ӂȂ܂,NV,wL΂x`,2,,:L,,
y؎,,ssΒn,x؂ӂȂ܂,|V,~jX^WI,1,,:L,3`6,
y؎,,Γ,čΓ,WOW,,1,,,6`12,3-13
y؎,,Γ,čΓ,ׂ,,1,,,6`12,
y؎,,Γ,čΓ,uR,,1,,,6`12,
y؎,,Γ,čΓ,S_,,1,,,6`12,
암Βn,,n,x,uR,p2A,1,,VL,6`12,x6-3
암Βn,,n,x,|V,,1,,VL,3`6,
암Βn,,n,x,,,1,,VL,,
암Βn,,,Č,oXPbgS[,A,1,,ȂL:Čw,,Č10
암Βn,,,Č,oXPbgS[,B,1,,ȂL:W]LeČw,,
암Βn,,,Č,oXPbgS[,C,1,,ȂL:W]LeǗZ^[,,
암Βn,,,Č,oXPbgS[,D,1,,ȂL:ǗZ^[,,
암Βn,,,Č,uR,,1,,|vꐼ:VL,,
암Βn,,,Č,NV,N,1,,ŐL(Ă̓`̓):̓,,
암Βn,,,Č,|V,,1,,|vꐼ:VL,,
암Βn,,,Č,,lΌo,1,,|vꐼ:VL,,
암Βn,,,Č,V,,1,,ȂL,,
암Βn,,,x,̑V,e[u(ݸ۰ޘe),1,,TCNO,1`4,x2-9
암Βn,,,x,^[U[v,(L),1,,AX`bNL,6`12,
암Βn,,,x,uR,BU-2(k),1,,kVя,,
암Βn,,,x,vCXJv`A,(k),1,,kVя,,
암Βn,,,x,vCXJv`A,(kj,1,,kVя,,
암Βn,,,x,|V,(L),1,,AX`bNL,3`12,
암Βn,,,x,|V,,1,,kVя,6`12,
암Βn,,,x,,(ݸ۰ޘe),1,,TCNO,,
암Βn,,,x,,(k),1,,kVя,,
암Βn,,,쓇,ׂ,,1,,,,쓇24
암Βn,,,쓇,ׂ,,1,,Vя,3`12,
암Βn,,,쓇,^[U[v,,1,,̖,,
암Βn,,,쓇,oXPbgS[,,1,,Vя,,
암Βn,,,쓇,uR,,1,,Vя,3`6,
암Βn,,,쓇,uR,,1,,,,
암Βn,,,쓇,uR,,1,,̖,,
암Βn,,,쓇,NV,TCNV,1,,Vя,,
암Βn,,,쓇,NV,cCXgV,1,,Vя,,
암Βn,,,쓇,NV,s_V,1,,Vя,,
암Βn,,,쓇,NV,V,1,,Vя,,
암Βn,,,쓇,NV,OV,1,,Vя,,
암Βn,,,쓇,NV,wL΂x`,1,,Vя,,
암Βn,,,쓇,|V,,1,,̖,,
암Βn,,,쓇,|V,,1,,̖,,
암Βn,,,쓇,|V,,1,,VяiAX`bNLj,6`12,
암Βn,,,쓇,,,1,,̖,,
암Βn,,,쓇,,,1,,Vя,,
암Βn,,,쓇,S_,,1,,Vя,3`12,
암Βn,,,쓇,S_,,1,,̖,,
암Βn,,^,l,NCV,XlCNWO,1,,VYR[i[,3`12,l106-6
암Βn,,^,l,̑V,ްï,13,,VYR[i[,3`12,
암Βn,,^,l,uR,,1,,VYR[i[,6`12,
암Βn,,^,l,NV,ް,1,,gR[i[,,
암Βn,,^,l,NV,ڰŰ,1,,gR[i[,,
암Βn,,^,l,NV,cCXg{[h,1,,gR[i[,,
암Βn,,^,l,NV,ݶް,1,,gR[i[,,
암Βn,,^,l,NV,Olbg,1,,gR[i[,,
암Βn,,^,l,NV,O,1,,gR[i[,,
암Βn,,^,l,NV,ŵ΂x`A,1,,gR[i[,,
암Βn,,^,l,NV,ŵ΂x`B,1,,gR[i[,,
암Βn,,^,l,NV,؃x`A,1,,gR[i[,,
암Βn,,^,l,NV,؃x`B,1,,gR[i[,,
암Βn,,^,l,|V,,1,,L,6`12,
암Βn,,^,l,|V,,1,,VYR[i[,6`12,
암Βn,,^,l,,,1,,ejXR[gO,,
암Βn,,^,l,,,1,,VYR[i[,3`6,
암Βn,,L,򎩑R,NCV,A[`_[,1,,R(qǂL),6`12,J5-15-1
암Βn,,L,򎩑R,NCV,EbhNC,1,,R(qǂL),,
암Βn,,L,򎩑R,NCV,lbgNC,1,,R(qǂL),6`12,
암Βn,,L,򎩑R,NCV,lbgNC(`),1,,R(qǂL),6`12,
암Βn,,L,򎩑R,WOW,,1,,R(qǂL),3`12,
암Βn,,L,򎩑R,ׂ,,1,,,,
암Βn,,L,򎩑R,̑V,^CEOXebv,1,,R(qǂL),,
암Βn,,L,򎩑R,̑V,[vgl,1,,R(qǂL),,
암Βn,,L,򎩑R,̑V,ۑn,1,,R(qǂL),,
암Βn,,L,򎩑R,vCXJv`A,̒u,1,,,,
암Βn,,L,򎩑R,[[ׂ,()100[g,1,,R(qǂL),6`12,
암Βn,,L,򎩑R,[[ׂ,ij,1,,,3`12,
암Βn,,L,򎩑R,,,1,,(킭킭L),,
